--
-- PostgreSQL database dump
--

-- Dumped from database version 15.6
-- Dumped by pg_dump version 17.2

SET statement_timeout = 0;
SET lock_timeout = 0;
SET idle_in_transaction_session_timeout = 0;
SET transaction_timeout = 0;
SET client_encoding = 'UTF8';
SET standard_conforming_strings = on;
SELECT pg_catalog.set_config('search_path', '', false);
SET check_function_bodies = false;
SET xmloption = content;
SET client_min_messages = warning;
SET row_security = off;

DROP EVENT TRIGGER IF EXISTS "pgrst_drop_watch";
DROP EVENT TRIGGER IF EXISTS "pgrst_ddl_watch";
DROP EVENT TRIGGER IF EXISTS "issue_pg_net_access";
DROP EVENT TRIGGER IF EXISTS "issue_pg_graphql_access";
DROP EVENT TRIGGER IF EXISTS "issue_pg_cron_access";
DROP EVENT TRIGGER IF EXISTS "issue_graphql_placeholder";
DROP PUBLICATION IF EXISTS "supabase_realtime";
ALTER TABLE IF EXISTS ONLY "storage"."s3_multipart_uploads_parts" DROP CONSTRAINT IF EXISTS "s3_multipart_uploads_parts_upload_id_fkey";
ALTER TABLE IF EXISTS ONLY "storage"."s3_multipart_uploads_parts" DROP CONSTRAINT IF EXISTS "s3_multipart_uploads_parts_bucket_id_fkey";
ALTER TABLE IF EXISTS ONLY "storage"."s3_multipart_uploads" DROP CONSTRAINT IF EXISTS "s3_multipart_uploads_bucket_id_fkey";
ALTER TABLE IF EXISTS ONLY "storage"."objects" DROP CONSTRAINT IF EXISTS "objects_bucketId_fkey";
ALTER TABLE IF EXISTS ONLY "public"."UserGuild" DROP CONSTRAINT IF EXISTS "UserGuild_userId_fkey";
ALTER TABLE IF EXISTS ONLY "public"."UserGuild" DROP CONSTRAINT IF EXISTS "UserGuild_guildId_fkey";
ALTER TABLE IF EXISTS ONLY "public"."ScheduledMessage" DROP CONSTRAINT IF EXISTS "ScheduledMessage_guildId_fkey";
ALTER TABLE IF EXISTS ONLY "public"."ScheduledMessage" DROP CONSTRAINT IF EXISTS "ScheduledMessage_createdUserId_fkey";
ALTER TABLE IF EXISTS ONLY "public"."OmikujiResult" DROP CONSTRAINT IF EXISTS "OmikujiResult_userId_fkey";
ALTER TABLE IF EXISTS ONLY "public"."JankenGame" DROP CONSTRAINT IF EXISTS "JankenGame_opponentId_fkey";
ALTER TABLE IF EXISTS ONLY "public"."JankenGame" DROP CONSTRAINT IF EXISTS "JankenGame_challengerId_fkey";
ALTER TABLE IF EXISTS ONLY "public"."CoinFlipGameLog" DROP CONSTRAINT IF EXISTS "CoinFlipGameLog_userId_fkey";
ALTER TABLE IF EXISTS ONLY "auth"."sso_domains" DROP CONSTRAINT IF EXISTS "sso_domains_sso_provider_id_fkey";
ALTER TABLE IF EXISTS ONLY "auth"."sessions" DROP CONSTRAINT IF EXISTS "sessions_user_id_fkey";
ALTER TABLE IF EXISTS ONLY "auth"."saml_relay_states" DROP CONSTRAINT IF EXISTS "saml_relay_states_sso_provider_id_fkey";
ALTER TABLE IF EXISTS ONLY "auth"."saml_relay_states" DROP CONSTRAINT IF EXISTS "saml_relay_states_flow_state_id_fkey";
ALTER TABLE IF EXISTS ONLY "auth"."saml_providers" DROP CONSTRAINT IF EXISTS "saml_providers_sso_provider_id_fkey";
ALTER TABLE IF EXISTS ONLY "auth"."refresh_tokens" DROP CONSTRAINT IF EXISTS "refresh_tokens_session_id_fkey";
ALTER TABLE IF EXISTS ONLY "auth"."one_time_tokens" DROP CONSTRAINT IF EXISTS "one_time_tokens_user_id_fkey";
ALTER TABLE IF EXISTS ONLY "auth"."mfa_factors" DROP CONSTRAINT IF EXISTS "mfa_factors_user_id_fkey";
ALTER TABLE IF EXISTS ONLY "auth"."mfa_challenges" DROP CONSTRAINT IF EXISTS "mfa_challenges_auth_factor_id_fkey";
ALTER TABLE IF EXISTS ONLY "auth"."mfa_amr_claims" DROP CONSTRAINT IF EXISTS "mfa_amr_claims_session_id_fkey";
ALTER TABLE IF EXISTS ONLY "auth"."identities" DROP CONSTRAINT IF EXISTS "identities_user_id_fkey";
DROP TRIGGER IF EXISTS "update_objects_updated_at" ON "storage"."objects";
DROP TRIGGER IF EXISTS "tr_check_filters" ON "realtime"."subscription";
DROP INDEX IF EXISTS "storage"."name_prefix_search";
DROP INDEX IF EXISTS "storage"."idx_objects_bucket_id_name";
DROP INDEX IF EXISTS "storage"."idx_multipart_uploads_list";
DROP INDEX IF EXISTS "storage"."bucketid_objname";
DROP INDEX IF EXISTS "storage"."bname";
DROP INDEX IF EXISTS "realtime"."subscription_subscription_id_entity_filters_key";
DROP INDEX IF EXISTS "realtime"."ix_realtime_subscription_entity";
DROP INDEX IF EXISTS "auth"."users_is_anonymous_idx";
DROP INDEX IF EXISTS "auth"."users_instance_id_idx";
DROP INDEX IF EXISTS "auth"."users_instance_id_email_idx";
DROP INDEX IF EXISTS "auth"."users_email_partial_key";
DROP INDEX IF EXISTS "auth"."user_id_created_at_idx";
DROP INDEX IF EXISTS "auth"."unique_phone_factor_per_user";
DROP INDEX IF EXISTS "auth"."sso_providers_resource_id_idx";
DROP INDEX IF EXISTS "auth"."sso_domains_sso_provider_id_idx";
DROP INDEX IF EXISTS "auth"."sso_domains_domain_idx";
DROP INDEX IF EXISTS "auth"."sessions_user_id_idx";
DROP INDEX IF EXISTS "auth"."sessions_not_after_idx";
DROP INDEX IF EXISTS "auth"."saml_relay_states_sso_provider_id_idx";
DROP INDEX IF EXISTS "auth"."saml_relay_states_for_email_idx";
DROP INDEX IF EXISTS "auth"."saml_relay_states_created_at_idx";
DROP INDEX IF EXISTS "auth"."saml_providers_sso_provider_id_idx";
DROP INDEX IF EXISTS "auth"."refresh_tokens_updated_at_idx";
DROP INDEX IF EXISTS "auth"."refresh_tokens_session_id_revoked_idx";
DROP INDEX IF EXISTS "auth"."refresh_tokens_parent_idx";
DROP INDEX IF EXISTS "auth"."refresh_tokens_instance_id_user_id_idx";
DROP INDEX IF EXISTS "auth"."refresh_tokens_instance_id_idx";
DROP INDEX IF EXISTS "auth"."recovery_token_idx";
DROP INDEX IF EXISTS "auth"."reauthentication_token_idx";
DROP INDEX IF EXISTS "auth"."one_time_tokens_user_id_token_type_key";
DROP INDEX IF EXISTS "auth"."one_time_tokens_token_hash_hash_idx";
DROP INDEX IF EXISTS "auth"."one_time_tokens_relates_to_hash_idx";
DROP INDEX IF EXISTS "auth"."mfa_factors_user_id_idx";
DROP INDEX IF EXISTS "auth"."mfa_factors_user_friendly_name_unique";
DROP INDEX IF EXISTS "auth"."mfa_challenge_created_at_idx";
DROP INDEX IF EXISTS "auth"."idx_user_id_auth_method";
DROP INDEX IF EXISTS "auth"."idx_auth_code";
DROP INDEX IF EXISTS "auth"."identities_user_id_idx";
DROP INDEX IF EXISTS "auth"."identities_email_idx";
DROP INDEX IF EXISTS "auth"."flow_state_created_at_idx";
DROP INDEX IF EXISTS "auth"."factor_id_created_at_idx";
DROP INDEX IF EXISTS "auth"."email_change_token_new_idx";
DROP INDEX IF EXISTS "auth"."email_change_token_current_idx";
DROP INDEX IF EXISTS "auth"."confirmation_token_idx";
DROP INDEX IF EXISTS "auth"."audit_logs_instance_id_idx";
ALTER TABLE IF EXISTS ONLY "storage"."s3_multipart_uploads" DROP CONSTRAINT IF EXISTS "s3_multipart_uploads_pkey";
ALTER TABLE IF EXISTS ONLY "storage"."s3_multipart_uploads_parts" DROP CONSTRAINT IF EXISTS "s3_multipart_uploads_parts_pkey";
ALTER TABLE IF EXISTS ONLY "storage"."objects" DROP CONSTRAINT IF EXISTS "objects_pkey";
ALTER TABLE IF EXISTS ONLY "storage"."migrations" DROP CONSTRAINT IF EXISTS "migrations_pkey";
ALTER TABLE IF EXISTS ONLY "storage"."migrations" DROP CONSTRAINT IF EXISTS "migrations_name_key";
ALTER TABLE IF EXISTS ONLY "storage"."buckets" DROP CONSTRAINT IF EXISTS "buckets_pkey";
ALTER TABLE IF EXISTS ONLY "realtime"."schema_migrations" DROP CONSTRAINT IF EXISTS "schema_migrations_pkey";
ALTER TABLE IF EXISTS ONLY "realtime"."subscription" DROP CONSTRAINT IF EXISTS "pk_subscription";
ALTER TABLE IF EXISTS ONLY "realtime"."messages" DROP CONSTRAINT IF EXISTS "messages_pkey";
ALTER TABLE IF EXISTS ONLY "public"."_prisma_migrations" DROP CONSTRAINT IF EXISTS "_prisma_migrations_pkey";
ALTER TABLE IF EXISTS ONLY "public"."User" DROP CONSTRAINT IF EXISTS "User_pkey";
ALTER TABLE IF EXISTS ONLY "public"."UserGuild" DROP CONSTRAINT IF EXISTS "UserGuild_pkey";
ALTER TABLE IF EXISTS ONLY "public"."ScheduledMessage" DROP CONSTRAINT IF EXISTS "ScheduledMessage_pkey";
ALTER TABLE IF EXISTS ONLY "public"."OmikujiResult" DROP CONSTRAINT IF EXISTS "OmikujiResult_pkey";
ALTER TABLE IF EXISTS ONLY "public"."JankenGame" DROP CONSTRAINT IF EXISTS "JankenGame_pkey";
ALTER TABLE IF EXISTS ONLY "public"."Guild" DROP CONSTRAINT IF EXISTS "Guild_pkey";
ALTER TABLE IF EXISTS ONLY "public"."Goods" DROP CONSTRAINT IF EXISTS "Goods_pkey";
ALTER TABLE IF EXISTS ONLY "public"."CoinFlipGameLog" DROP CONSTRAINT IF EXISTS "CoinFlipGameLog_pkey";
ALTER TABLE IF EXISTS ONLY "auth"."users" DROP CONSTRAINT IF EXISTS "users_pkey";
ALTER TABLE IF EXISTS ONLY "auth"."users" DROP CONSTRAINT IF EXISTS "users_phone_key";
ALTER TABLE IF EXISTS ONLY "auth"."sso_providers" DROP CONSTRAINT IF EXISTS "sso_providers_pkey";
ALTER TABLE IF EXISTS ONLY "auth"."sso_domains" DROP CONSTRAINT IF EXISTS "sso_domains_pkey";
ALTER TABLE IF EXISTS ONLY "auth"."sessions" DROP CONSTRAINT IF EXISTS "sessions_pkey";
ALTER TABLE IF EXISTS ONLY "auth"."schema_migrations" DROP CONSTRAINT IF EXISTS "schema_migrations_pkey";
ALTER TABLE IF EXISTS ONLY "auth"."saml_relay_states" DROP CONSTRAINT IF EXISTS "saml_relay_states_pkey";
ALTER TABLE IF EXISTS ONLY "auth"."saml_providers" DROP CONSTRAINT IF EXISTS "saml_providers_pkey";
ALTER TABLE IF EXISTS ONLY "auth"."saml_providers" DROP CONSTRAINT IF EXISTS "saml_providers_entity_id_key";
ALTER TABLE IF EXISTS ONLY "auth"."refresh_tokens" DROP CONSTRAINT IF EXISTS "refresh_tokens_token_unique";
ALTER TABLE IF EXISTS ONLY "auth"."refresh_tokens" DROP CONSTRAINT IF EXISTS "refresh_tokens_pkey";
ALTER TABLE IF EXISTS ONLY "auth"."one_time_tokens" DROP CONSTRAINT IF EXISTS "one_time_tokens_pkey";
ALTER TABLE IF EXISTS ONLY "auth"."mfa_factors" DROP CONSTRAINT IF EXISTS "mfa_factors_pkey";
ALTER TABLE IF EXISTS ONLY "auth"."mfa_factors" DROP CONSTRAINT IF EXISTS "mfa_factors_last_challenged_at_key";
ALTER TABLE IF EXISTS ONLY "auth"."mfa_challenges" DROP CONSTRAINT IF EXISTS "mfa_challenges_pkey";
ALTER TABLE IF EXISTS ONLY "auth"."mfa_amr_claims" DROP CONSTRAINT IF EXISTS "mfa_amr_claims_session_id_authentication_method_pkey";
ALTER TABLE IF EXISTS ONLY "auth"."instances" DROP CONSTRAINT IF EXISTS "instances_pkey";
ALTER TABLE IF EXISTS ONLY "auth"."identities" DROP CONSTRAINT IF EXISTS "identities_provider_id_provider_unique";
ALTER TABLE IF EXISTS ONLY "auth"."identities" DROP CONSTRAINT IF EXISTS "identities_pkey";
ALTER TABLE IF EXISTS ONLY "auth"."flow_state" DROP CONSTRAINT IF EXISTS "flow_state_pkey";
ALTER TABLE IF EXISTS ONLY "auth"."audit_log_entries" DROP CONSTRAINT IF EXISTS "audit_log_entries_pkey";
ALTER TABLE IF EXISTS ONLY "auth"."mfa_amr_claims" DROP CONSTRAINT IF EXISTS "amr_id_pk";
ALTER TABLE IF EXISTS "auth"."refresh_tokens" ALTER COLUMN "id" DROP DEFAULT;
DROP VIEW IF EXISTS "vault"."decrypted_secrets";
DROP TABLE IF EXISTS "storage"."s3_multipart_uploads_parts";
DROP TABLE IF EXISTS "storage"."s3_multipart_uploads";
DROP TABLE IF EXISTS "storage"."objects";
DROP TABLE IF EXISTS "storage"."migrations";
DROP TABLE IF EXISTS "storage"."buckets";
DROP TABLE IF EXISTS "realtime"."subscription";
DROP TABLE IF EXISTS "realtime"."schema_migrations";
DROP TABLE IF EXISTS "realtime"."messages";
DROP TABLE IF EXISTS "public"."_prisma_migrations";
DROP TABLE IF EXISTS "public"."UserGuild";
DROP TABLE IF EXISTS "public"."User";
DROP TABLE IF EXISTS "public"."ScheduledMessage";
DROP TABLE IF EXISTS "public"."OmikujiResult";
DROP TABLE IF EXISTS "public"."JankenGame";
DROP TABLE IF EXISTS "public"."Guild";
DROP TABLE IF EXISTS "public"."Goods";
DROP TABLE IF EXISTS "public"."CoinFlipGameLog";
DROP TABLE IF EXISTS "auth"."users";
DROP TABLE IF EXISTS "auth"."sso_providers";
DROP TABLE IF EXISTS "auth"."sso_domains";
DROP TABLE IF EXISTS "auth"."sessions";
DROP TABLE IF EXISTS "auth"."schema_migrations";
DROP TABLE IF EXISTS "auth"."saml_relay_states";
DROP TABLE IF EXISTS "auth"."saml_providers";
DROP SEQUENCE IF EXISTS "auth"."refresh_tokens_id_seq";
DROP TABLE IF EXISTS "auth"."refresh_tokens";
DROP TABLE IF EXISTS "auth"."one_time_tokens";
DROP TABLE IF EXISTS "auth"."mfa_factors";
DROP TABLE IF EXISTS "auth"."mfa_challenges";
DROP TABLE IF EXISTS "auth"."mfa_amr_claims";
DROP TABLE IF EXISTS "auth"."instances";
DROP TABLE IF EXISTS "auth"."identities";
DROP TABLE IF EXISTS "auth"."flow_state";
DROP TABLE IF EXISTS "auth"."audit_log_entries";
DROP FUNCTION IF EXISTS "vault"."secrets_encrypt_secret_secret"();
DROP FUNCTION IF EXISTS "storage"."update_updated_at_column"();
DROP FUNCTION IF EXISTS "storage"."search"("prefix" "text", "bucketname" "text", "limits" integer, "levels" integer, "offsets" integer, "search" "text", "sortcolumn" "text", "sortorder" "text");
DROP FUNCTION IF EXISTS "storage"."operation"();
DROP FUNCTION IF EXISTS "storage"."list_objects_with_delimiter"("bucket_id" "text", "prefix_param" "text", "delimiter_param" "text", "max_keys" integer, "start_after" "text", "next_token" "text");
DROP FUNCTION IF EXISTS "storage"."list_multipart_uploads_with_delimiter"("bucket_id" "text", "prefix_param" "text", "delimiter_param" "text", "max_keys" integer, "next_key_token" "text", "next_upload_token" "text");
DROP FUNCTION IF EXISTS "storage"."get_size_by_bucket"();
DROP FUNCTION IF EXISTS "storage"."foldername"("name" "text");
DROP FUNCTION IF EXISTS "storage"."filename"("name" "text");
DROP FUNCTION IF EXISTS "storage"."extension"("name" "text");
DROP FUNCTION IF EXISTS "storage"."can_insert_object"("bucketid" "text", "name" "text", "owner" "uuid", "metadata" "jsonb");
DROP FUNCTION IF EXISTS "realtime"."topic"();
DROP FUNCTION IF EXISTS "realtime"."to_regrole"("role_name" "text");
DROP FUNCTION IF EXISTS "realtime"."subscription_check_filters"();
DROP FUNCTION IF EXISTS "realtime"."send"("payload" "jsonb", "event" "text", "topic" "text", "private" boolean);
DROP FUNCTION IF EXISTS "realtime"."quote_wal2json"("entity" "regclass");
DROP FUNCTION IF EXISTS "realtime"."list_changes"("publication" "name", "slot_name" "name", "max_changes" integer, "max_record_bytes" integer);
DROP FUNCTION IF EXISTS "realtime"."is_visible_through_filters"("columns" "realtime"."wal_column"[], "filters" "realtime"."user_defined_filter"[]);
DROP FUNCTION IF EXISTS "realtime"."check_equality_op"("op" "realtime"."equality_op", "type_" "regtype", "val_1" "text", "val_2" "text");
DROP FUNCTION IF EXISTS "realtime"."cast"("val" "text", "type_" "regtype");
DROP FUNCTION IF EXISTS "realtime"."build_prepared_statement_sql"("prepared_statement_name" "text", "entity" "regclass", "columns" "realtime"."wal_column"[]);
DROP FUNCTION IF EXISTS "realtime"."broadcast_changes"("topic_name" "text", "event_name" "text", "operation" "text", "table_name" "text", "table_schema" "text", "new" "record", "old" "record", "level" "text");
DROP FUNCTION IF EXISTS "realtime"."apply_rls"("wal" "jsonb", "max_record_bytes" integer);
DROP FUNCTION IF EXISTS "pgbouncer"."get_auth"("p_usename" "text");
DROP FUNCTION IF EXISTS "extensions"."set_graphql_placeholder"();
DROP FUNCTION IF EXISTS "extensions"."pgrst_drop_watch"();
DROP FUNCTION IF EXISTS "extensions"."pgrst_ddl_watch"();
DROP FUNCTION IF EXISTS "extensions"."grant_pg_net_access"();
DROP FUNCTION IF EXISTS "extensions"."grant_pg_graphql_access"();
DROP FUNCTION IF EXISTS "extensions"."grant_pg_cron_access"();
DROP FUNCTION IF EXISTS "auth"."uid"();
DROP FUNCTION IF EXISTS "auth"."role"();
DROP FUNCTION IF EXISTS "auth"."jwt"();
DROP FUNCTION IF EXISTS "auth"."email"();
DROP TYPE IF EXISTS "realtime"."wal_rls";
DROP TYPE IF EXISTS "realtime"."wal_column";
DROP TYPE IF EXISTS "realtime"."user_defined_filter";
DROP TYPE IF EXISTS "realtime"."equality_op";
DROP TYPE IF EXISTS "realtime"."action";
DROP TYPE IF EXISTS "auth"."one_time_token_type";
DROP TYPE IF EXISTS "auth"."factor_type";
DROP TYPE IF EXISTS "auth"."factor_status";
DROP TYPE IF EXISTS "auth"."code_challenge_method";
DROP TYPE IF EXISTS "auth"."aal_level";
DROP EXTENSION IF EXISTS "uuid-ossp";
DROP EXTENSION IF EXISTS "supabase_vault";
DROP EXTENSION IF EXISTS "pgjwt";
DROP EXTENSION IF EXISTS "pgcrypto";
DROP EXTENSION IF EXISTS "pg_stat_statements";
DROP EXTENSION IF EXISTS "pg_graphql";
DROP SCHEMA IF EXISTS "vault";
DROP SCHEMA IF EXISTS "storage";
DROP SCHEMA IF EXISTS "realtime";
-- *not* dropping schema, since initdb creates it
DROP EXTENSION IF EXISTS "pgsodium";
DROP SCHEMA IF EXISTS "pgsodium";
DROP SCHEMA IF EXISTS "pgbouncer";
DROP SCHEMA IF EXISTS "graphql_public";
DROP SCHEMA IF EXISTS "graphql";
DROP SCHEMA IF EXISTS "extensions";
DROP SCHEMA IF EXISTS "auth";
--
-- Name: auth; Type: SCHEMA; Schema: -; Owner: -
--

CREATE SCHEMA "auth";


--
-- Name: extensions; Type: SCHEMA; Schema: -; Owner: -
--

CREATE SCHEMA "extensions";


--
-- Name: graphql; Type: SCHEMA; Schema: -; Owner: -
--

CREATE SCHEMA "graphql";


--
-- Name: graphql_public; Type: SCHEMA; Schema: -; Owner: -
--

CREATE SCHEMA "graphql_public";


--
-- Name: pgbouncer; Type: SCHEMA; Schema: -; Owner: -
--

CREATE SCHEMA "pgbouncer";


--
-- Name: pgsodium; Type: SCHEMA; Schema: -; Owner: -
--

CREATE SCHEMA "pgsodium";


--
-- Name: pgsodium; Type: EXTENSION; Schema: -; Owner: -
--

CREATE EXTENSION IF NOT EXISTS "pgsodium" WITH SCHEMA "pgsodium";


--
-- Name: EXTENSION "pgsodium"; Type: COMMENT; Schema: -; Owner: -
--

COMMENT ON EXTENSION "pgsodium" IS 'Pgsodium is a modern cryptography library for Postgres.';


--
-- Name: public; Type: SCHEMA; Schema: -; Owner: -
--

-- *not* creating schema, since initdb creates it


--
-- Name: realtime; Type: SCHEMA; Schema: -; Owner: -
--

CREATE SCHEMA "realtime";


--
-- Name: storage; Type: SCHEMA; Schema: -; Owner: -
--

CREATE SCHEMA "storage";


--
-- Name: vault; Type: SCHEMA; Schema: -; Owner: -
--

CREATE SCHEMA "vault";


--
-- Name: pg_graphql; Type: EXTENSION; Schema: -; Owner: -
--

CREATE EXTENSION IF NOT EXISTS "pg_graphql" WITH SCHEMA "graphql";


--
-- Name: EXTENSION "pg_graphql"; Type: COMMENT; Schema: -; Owner: -
--

COMMENT ON EXTENSION "pg_graphql" IS 'pg_graphql: GraphQL support';


--
-- Name: pg_stat_statements; Type: EXTENSION; Schema: -; Owner: -
--

CREATE EXTENSION IF NOT EXISTS "pg_stat_statements" WITH SCHEMA "extensions";


--
-- Name: EXTENSION "pg_stat_statements"; Type: COMMENT; Schema: -; Owner: -
--

COMMENT ON EXTENSION "pg_stat_statements" IS 'track planning and execution statistics of all SQL statements executed';


--
-- Name: pgcrypto; Type: EXTENSION; Schema: -; Owner: -
--

CREATE EXTENSION IF NOT EXISTS "pgcrypto" WITH SCHEMA "extensions";


--
-- Name: EXTENSION "pgcrypto"; Type: COMMENT; Schema: -; Owner: -
--

COMMENT ON EXTENSION "pgcrypto" IS 'cryptographic functions';


--
-- Name: pgjwt; Type: EXTENSION; Schema: -; Owner: -
--

CREATE EXTENSION IF NOT EXISTS "pgjwt" WITH SCHEMA "extensions";


--
-- Name: EXTENSION "pgjwt"; Type: COMMENT; Schema: -; Owner: -
--

COMMENT ON EXTENSION "pgjwt" IS 'JSON Web Token API for Postgresql';


--
-- Name: supabase_vault; Type: EXTENSION; Schema: -; Owner: -
--

CREATE EXTENSION IF NOT EXISTS "supabase_vault" WITH SCHEMA "vault";


--
-- Name: EXTENSION "supabase_vault"; Type: COMMENT; Schema: -; Owner: -
--

COMMENT ON EXTENSION "supabase_vault" IS 'Supabase Vault Extension';


--
-- Name: uuid-ossp; Type: EXTENSION; Schema: -; Owner: -
--

CREATE EXTENSION IF NOT EXISTS "uuid-ossp" WITH SCHEMA "extensions";


--
-- Name: EXTENSION "uuid-ossp"; Type: COMMENT; Schema: -; Owner: -
--

COMMENT ON EXTENSION "uuid-ossp" IS 'generate universally unique identifiers (UUIDs)';


--
-- Name: aal_level; Type: TYPE; Schema: auth; Owner: -
--

CREATE TYPE "auth"."aal_level" AS ENUM (
    'aal1',
    'aal2',
    'aal3'
);


--
-- Name: code_challenge_method; Type: TYPE; Schema: auth; Owner: -
--

CREATE TYPE "auth"."code_challenge_method" AS ENUM (
    's256',
    'plain'
);


--
-- Name: factor_status; Type: TYPE; Schema: auth; Owner: -
--

CREATE TYPE "auth"."factor_status" AS ENUM (
    'unverified',
    'verified'
);


--
-- Name: factor_type; Type: TYPE; Schema: auth; Owner: -
--

CREATE TYPE "auth"."factor_type" AS ENUM (
    'totp',
    'webauthn',
    'phone'
);


--
-- Name: one_time_token_type; Type: TYPE; Schema: auth; Owner: -
--

CREATE TYPE "auth"."one_time_token_type" AS ENUM (
    'confirmation_token',
    'reauthentication_token',
    'recovery_token',
    'email_change_token_new',
    'email_change_token_current',
    'phone_change_token'
);


--
-- Name: action; Type: TYPE; Schema: realtime; Owner: -
--

CREATE TYPE "realtime"."action" AS ENUM (
    'INSERT',
    'UPDATE',
    'DELETE',
    'TRUNCATE',
    'ERROR'
);


--
-- Name: equality_op; Type: TYPE; Schema: realtime; Owner: -
--

CREATE TYPE "realtime"."equality_op" AS ENUM (
    'eq',
    'neq',
    'lt',
    'lte',
    'gt',
    'gte',
    'in'
);


--
-- Name: user_defined_filter; Type: TYPE; Schema: realtime; Owner: -
--

CREATE TYPE "realtime"."user_defined_filter" AS (
	"column_name" "text",
	"op" "realtime"."equality_op",
	"value" "text"
);


--
-- Name: wal_column; Type: TYPE; Schema: realtime; Owner: -
--

CREATE TYPE "realtime"."wal_column" AS (
	"name" "text",
	"type_name" "text",
	"type_oid" "oid",
	"value" "jsonb",
	"is_pkey" boolean,
	"is_selectable" boolean
);


--
-- Name: wal_rls; Type: TYPE; Schema: realtime; Owner: -
--

CREATE TYPE "realtime"."wal_rls" AS (
	"wal" "jsonb",
	"is_rls_enabled" boolean,
	"subscription_ids" "uuid"[],
	"errors" "text"[]
);


--
-- Name: email(); Type: FUNCTION; Schema: auth; Owner: -
--

CREATE FUNCTION "auth"."email"() RETURNS "text"
    LANGUAGE "sql" STABLE
    AS $$
  select 
  coalesce(
    nullif(current_setting('request.jwt.claim.email', true), ''),
    (nullif(current_setting('request.jwt.claims', true), '')::jsonb ->> 'email')
  )::text
$$;


--
-- Name: FUNCTION "email"(); Type: COMMENT; Schema: auth; Owner: -
--

COMMENT ON FUNCTION "auth"."email"() IS 'Deprecated. Use auth.jwt() -> ''email'' instead.';


--
-- Name: jwt(); Type: FUNCTION; Schema: auth; Owner: -
--

CREATE FUNCTION "auth"."jwt"() RETURNS "jsonb"
    LANGUAGE "sql" STABLE
    AS $$
  select 
    coalesce(
        nullif(current_setting('request.jwt.claim', true), ''),
        nullif(current_setting('request.jwt.claims', true), '')
    )::jsonb
$$;


--
-- Name: role(); Type: FUNCTION; Schema: auth; Owner: -
--

CREATE FUNCTION "auth"."role"() RETURNS "text"
    LANGUAGE "sql" STABLE
    AS $$
  select 
  coalesce(
    nullif(current_setting('request.jwt.claim.role', true), ''),
    (nullif(current_setting('request.jwt.claims', true), '')::jsonb ->> 'role')
  )::text
$$;


--
-- Name: FUNCTION "role"(); Type: COMMENT; Schema: auth; Owner: -
--

COMMENT ON FUNCTION "auth"."role"() IS 'Deprecated. Use auth.jwt() -> ''role'' instead.';


--
-- Name: uid(); Type: FUNCTION; Schema: auth; Owner: -
--

CREATE FUNCTION "auth"."uid"() RETURNS "uuid"
    LANGUAGE "sql" STABLE
    AS $$
  select 
  coalesce(
    nullif(current_setting('request.jwt.claim.sub', true), ''),
    (nullif(current_setting('request.jwt.claims', true), '')::jsonb ->> 'sub')
  )::uuid
$$;


--
-- Name: FUNCTION "uid"(); Type: COMMENT; Schema: auth; Owner: -
--

COMMENT ON FUNCTION "auth"."uid"() IS 'Deprecated. Use auth.jwt() -> ''sub'' instead.';


--
-- Name: grant_pg_cron_access(); Type: FUNCTION; Schema: extensions; Owner: -
--

CREATE FUNCTION "extensions"."grant_pg_cron_access"() RETURNS "event_trigger"
    LANGUAGE "plpgsql"
    AS $$
BEGIN
  IF EXISTS (
    SELECT
    FROM pg_event_trigger_ddl_commands() AS ev
    JOIN pg_extension AS ext
    ON ev.objid = ext.oid
    WHERE ext.extname = 'pg_cron'
  )
  THEN
    grant usage on schema cron to postgres with grant option;

    alter default privileges in schema cron grant all on tables to postgres with grant option;
    alter default privileges in schema cron grant all on functions to postgres with grant option;
    alter default privileges in schema cron grant all on sequences to postgres with grant option;

    alter default privileges for user supabase_admin in schema cron grant all
        on sequences to postgres with grant option;
    alter default privileges for user supabase_admin in schema cron grant all
        on tables to postgres with grant option;
    alter default privileges for user supabase_admin in schema cron grant all
        on functions to postgres with grant option;

    grant all privileges on all tables in schema cron to postgres with grant option;
    revoke all on table cron.job from postgres;
    grant select on table cron.job to postgres with grant option;
  END IF;
END;
$$;


--
-- Name: FUNCTION "grant_pg_cron_access"(); Type: COMMENT; Schema: extensions; Owner: -
--

COMMENT ON FUNCTION "extensions"."grant_pg_cron_access"() IS 'Grants access to pg_cron';


--
-- Name: grant_pg_graphql_access(); Type: FUNCTION; Schema: extensions; Owner: -
--

CREATE FUNCTION "extensions"."grant_pg_graphql_access"() RETURNS "event_trigger"
    LANGUAGE "plpgsql"
    AS $_$
DECLARE
    func_is_graphql_resolve bool;
BEGIN
    func_is_graphql_resolve = (
        SELECT n.proname = 'resolve'
        FROM pg_event_trigger_ddl_commands() AS ev
        LEFT JOIN pg_catalog.pg_proc AS n
        ON ev.objid = n.oid
    );

    IF func_is_graphql_resolve
    THEN
        -- Update public wrapper to pass all arguments through to the pg_graphql resolve func
        DROP FUNCTION IF EXISTS graphql_public.graphql;
        create or replace function graphql_public.graphql(
            "operationName" text default null,
            query text default null,
            variables jsonb default null,
            extensions jsonb default null
        )
            returns jsonb
            language sql
        as $$
            select graphql.resolve(
                query := query,
                variables := coalesce(variables, '{}'),
                "operationName" := "operationName",
                extensions := extensions
            );
        $$;

        -- This hook executes when `graphql.resolve` is created. That is not necessarily the last
        -- function in the extension so we need to grant permissions on existing entities AND
        -- update default permissions to any others that are created after `graphql.resolve`
        grant usage on schema graphql to postgres, anon, authenticated, service_role;
        grant select on all tables in schema graphql to postgres, anon, authenticated, service_role;
        grant execute on all functions in schema graphql to postgres, anon, authenticated, service_role;
        grant all on all sequences in schema graphql to postgres, anon, authenticated, service_role;
        alter default privileges in schema graphql grant all on tables to postgres, anon, authenticated, service_role;
        alter default privileges in schema graphql grant all on functions to postgres, anon, authenticated, service_role;
        alter default privileges in schema graphql grant all on sequences to postgres, anon, authenticated, service_role;

        -- Allow postgres role to allow granting usage on graphql and graphql_public schemas to custom roles
        grant usage on schema graphql_public to postgres with grant option;
        grant usage on schema graphql to postgres with grant option;
    END IF;

END;
$_$;


--
-- Name: FUNCTION "grant_pg_graphql_access"(); Type: COMMENT; Schema: extensions; Owner: -
--

COMMENT ON FUNCTION "extensions"."grant_pg_graphql_access"() IS 'Grants access to pg_graphql';


--
-- Name: grant_pg_net_access(); Type: FUNCTION; Schema: extensions; Owner: -
--

CREATE FUNCTION "extensions"."grant_pg_net_access"() RETURNS "event_trigger"
    LANGUAGE "plpgsql"
    AS $$
BEGIN
  IF EXISTS (
    SELECT 1
    FROM pg_event_trigger_ddl_commands() AS ev
    JOIN pg_extension AS ext
    ON ev.objid = ext.oid
    WHERE ext.extname = 'pg_net'
  )
  THEN
    IF NOT EXISTS (
      SELECT 1
      FROM pg_roles
      WHERE rolname = 'supabase_functions_admin'
    )
    THEN
      CREATE USER supabase_functions_admin NOINHERIT CREATEROLE LOGIN NOREPLICATION;
    END IF;

    GRANT USAGE ON SCHEMA net TO supabase_functions_admin, postgres, anon, authenticated, service_role;

    ALTER function net.http_get(url text, params jsonb, headers jsonb, timeout_milliseconds integer) SECURITY DEFINER;
    ALTER function net.http_post(url text, body jsonb, params jsonb, headers jsonb, timeout_milliseconds integer) SECURITY DEFINER;

    ALTER function net.http_get(url text, params jsonb, headers jsonb, timeout_milliseconds integer) SET search_path = net;
    ALTER function net.http_post(url text, body jsonb, params jsonb, headers jsonb, timeout_milliseconds integer) SET search_path = net;

    REVOKE ALL ON FUNCTION net.http_get(url text, params jsonb, headers jsonb, timeout_milliseconds integer) FROM PUBLIC;
    REVOKE ALL ON FUNCTION net.http_post(url text, body jsonb, params jsonb, headers jsonb, timeout_milliseconds integer) FROM PUBLIC;

    GRANT EXECUTE ON FUNCTION net.http_get(url text, params jsonb, headers jsonb, timeout_milliseconds integer) TO supabase_functions_admin, postgres, anon, authenticated, service_role;
    GRANT EXECUTE ON FUNCTION net.http_post(url text, body jsonb, params jsonb, headers jsonb, timeout_milliseconds integer) TO supabase_functions_admin, postgres, anon, authenticated, service_role;
  END IF;
END;
$$;


--
-- Name: FUNCTION "grant_pg_net_access"(); Type: COMMENT; Schema: extensions; Owner: -
--

COMMENT ON FUNCTION "extensions"."grant_pg_net_access"() IS 'Grants access to pg_net';


--
-- Name: pgrst_ddl_watch(); Type: FUNCTION; Schema: extensions; Owner: -
--

CREATE FUNCTION "extensions"."pgrst_ddl_watch"() RETURNS "event_trigger"
    LANGUAGE "plpgsql"
    AS $$
DECLARE
  cmd record;
BEGIN
  FOR cmd IN SELECT * FROM pg_event_trigger_ddl_commands()
  LOOP
    IF cmd.command_tag IN (
      'CREATE SCHEMA', 'ALTER SCHEMA'
    , 'CREATE TABLE', 'CREATE TABLE AS', 'SELECT INTO', 'ALTER TABLE'
    , 'CREATE FOREIGN TABLE', 'ALTER FOREIGN TABLE'
    , 'CREATE VIEW', 'ALTER VIEW'
    , 'CREATE MATERIALIZED VIEW', 'ALTER MATERIALIZED VIEW'
    , 'CREATE FUNCTION', 'ALTER FUNCTION'
    , 'CREATE TRIGGER'
    , 'CREATE TYPE', 'ALTER TYPE'
    , 'CREATE RULE'
    , 'COMMENT'
    )
    -- don't notify in case of CREATE TEMP table or other objects created on pg_temp
    AND cmd.schema_name is distinct from 'pg_temp'
    THEN
      NOTIFY pgrst, 'reload schema';
    END IF;
  END LOOP;
END; $$;


--
-- Name: pgrst_drop_watch(); Type: FUNCTION; Schema: extensions; Owner: -
--

CREATE FUNCTION "extensions"."pgrst_drop_watch"() RETURNS "event_trigger"
    LANGUAGE "plpgsql"
    AS $$
DECLARE
  obj record;
BEGIN
  FOR obj IN SELECT * FROM pg_event_trigger_dropped_objects()
  LOOP
    IF obj.object_type IN (
      'schema'
    , 'table'
    , 'foreign table'
    , 'view'
    , 'materialized view'
    , 'function'
    , 'trigger'
    , 'type'
    , 'rule'
    )
    AND obj.is_temporary IS false -- no pg_temp objects
    THEN
      NOTIFY pgrst, 'reload schema';
    END IF;
  END LOOP;
END; $$;


--
-- Name: set_graphql_placeholder(); Type: FUNCTION; Schema: extensions; Owner: -
--

CREATE FUNCTION "extensions"."set_graphql_placeholder"() RETURNS "event_trigger"
    LANGUAGE "plpgsql"
    AS $_$
    DECLARE
    graphql_is_dropped bool;
    BEGIN
    graphql_is_dropped = (
        SELECT ev.schema_name = 'graphql_public'
        FROM pg_event_trigger_dropped_objects() AS ev
        WHERE ev.schema_name = 'graphql_public'
    );

    IF graphql_is_dropped
    THEN
        create or replace function graphql_public.graphql(
            "operationName" text default null,
            query text default null,
            variables jsonb default null,
            extensions jsonb default null
        )
            returns jsonb
            language plpgsql
        as $$
            DECLARE
                server_version float;
            BEGIN
                server_version = (SELECT (SPLIT_PART((select version()), ' ', 2))::float);

                IF server_version >= 14 THEN
                    RETURN jsonb_build_object(
                        'errors', jsonb_build_array(
                            jsonb_build_object(
                                'message', 'pg_graphql extension is not enabled.'
                            )
                        )
                    );
                ELSE
                    RETURN jsonb_build_object(
                        'errors', jsonb_build_array(
                            jsonb_build_object(
                                'message', 'pg_graphql is only available on projects running Postgres 14 onwards.'
                            )
                        )
                    );
                END IF;
            END;
        $$;
    END IF;

    END;
$_$;


--
-- Name: FUNCTION "set_graphql_placeholder"(); Type: COMMENT; Schema: extensions; Owner: -
--

COMMENT ON FUNCTION "extensions"."set_graphql_placeholder"() IS 'Reintroduces placeholder function for graphql_public.graphql';


--
-- Name: get_auth("text"); Type: FUNCTION; Schema: pgbouncer; Owner: -
--

CREATE FUNCTION "pgbouncer"."get_auth"("p_usename" "text") RETURNS TABLE("username" "text", "password" "text")
    LANGUAGE "plpgsql" SECURITY DEFINER
    AS $$
BEGIN
    RAISE WARNING 'PgBouncer auth request: %', p_usename;

    RETURN QUERY
    SELECT usename::TEXT, passwd::TEXT FROM pg_catalog.pg_shadow
    WHERE usename = p_usename;
END;
$$;


--
-- Name: apply_rls("jsonb", integer); Type: FUNCTION; Schema: realtime; Owner: -
--

CREATE FUNCTION "realtime"."apply_rls"("wal" "jsonb", "max_record_bytes" integer DEFAULT (1024 * 1024)) RETURNS SETOF "realtime"."wal_rls"
    LANGUAGE "plpgsql"
    AS $$
declare
-- Regclass of the table e.g. public.notes
entity_ regclass = (quote_ident(wal ->> 'schema') || '.' || quote_ident(wal ->> 'table'))::regclass;

-- I, U, D, T: insert, update ...
action realtime.action = (
    case wal ->> 'action'
        when 'I' then 'INSERT'
        when 'U' then 'UPDATE'
        when 'D' then 'DELETE'
        else 'ERROR'
    end
);

-- Is row level security enabled for the table
is_rls_enabled bool = relrowsecurity from pg_class where oid = entity_;

subscriptions realtime.subscription[] = array_agg(subs)
    from
        realtime.subscription subs
    where
        subs.entity = entity_;

-- Subscription vars
roles regrole[] = array_agg(distinct us.claims_role::text)
    from
        unnest(subscriptions) us;

working_role regrole;
claimed_role regrole;
claims jsonb;

subscription_id uuid;
subscription_has_access bool;
visible_to_subscription_ids uuid[] = '{}';

-- structured info for wal's columns
columns realtime.wal_column[];
-- previous identity values for update/delete
old_columns realtime.wal_column[];

error_record_exceeds_max_size boolean = octet_length(wal::text) > max_record_bytes;

-- Primary jsonb output for record
output jsonb;

begin
perform set_config('role', null, true);

columns =
    array_agg(
        (
            x->>'name',
            x->>'type',
            x->>'typeoid',
            realtime.cast(
                (x->'value') #>> '{}',
                coalesce(
                    (x->>'typeoid')::regtype, -- null when wal2json version <= 2.4
                    (x->>'type')::regtype
                )
            ),
            (pks ->> 'name') is not null,
            true
        )::realtime.wal_column
    )
    from
        jsonb_array_elements(wal -> 'columns') x
        left join jsonb_array_elements(wal -> 'pk') pks
            on (x ->> 'name') = (pks ->> 'name');

old_columns =
    array_agg(
        (
            x->>'name',
            x->>'type',
            x->>'typeoid',
            realtime.cast(
                (x->'value') #>> '{}',
                coalesce(
                    (x->>'typeoid')::regtype, -- null when wal2json version <= 2.4
                    (x->>'type')::regtype
                )
            ),
            (pks ->> 'name') is not null,
            true
        )::realtime.wal_column
    )
    from
        jsonb_array_elements(wal -> 'identity') x
        left join jsonb_array_elements(wal -> 'pk') pks
            on (x ->> 'name') = (pks ->> 'name');

for working_role in select * from unnest(roles) loop

    -- Update `is_selectable` for columns and old_columns
    columns =
        array_agg(
            (
                c.name,
                c.type_name,
                c.type_oid,
                c.value,
                c.is_pkey,
                pg_catalog.has_column_privilege(working_role, entity_, c.name, 'SELECT')
            )::realtime.wal_column
        )
        from
            unnest(columns) c;

    old_columns =
            array_agg(
                (
                    c.name,
                    c.type_name,
                    c.type_oid,
                    c.value,
                    c.is_pkey,
                    pg_catalog.has_column_privilege(working_role, entity_, c.name, 'SELECT')
                )::realtime.wal_column
            )
            from
                unnest(old_columns) c;

    if action <> 'DELETE' and count(1) = 0 from unnest(columns) c where c.is_pkey then
        return next (
            jsonb_build_object(
                'schema', wal ->> 'schema',
                'table', wal ->> 'table',
                'type', action
            ),
            is_rls_enabled,
            -- subscriptions is already filtered by entity
            (select array_agg(s.subscription_id) from unnest(subscriptions) as s where claims_role = working_role),
            array['Error 400: Bad Request, no primary key']
        )::realtime.wal_rls;

    -- The claims role does not have SELECT permission to the primary key of entity
    elsif action <> 'DELETE' and sum(c.is_selectable::int) <> count(1) from unnest(columns) c where c.is_pkey then
        return next (
            jsonb_build_object(
                'schema', wal ->> 'schema',
                'table', wal ->> 'table',
                'type', action
            ),
            is_rls_enabled,
            (select array_agg(s.subscription_id) from unnest(subscriptions) as s where claims_role = working_role),
            array['Error 401: Unauthorized']
        )::realtime.wal_rls;

    else
        output = jsonb_build_object(
            'schema', wal ->> 'schema',
            'table', wal ->> 'table',
            'type', action,
            'commit_timestamp', to_char(
                ((wal ->> 'timestamp')::timestamptz at time zone 'utc'),
                'YYYY-MM-DD"T"HH24:MI:SS.MS"Z"'
            ),
            'columns', (
                select
                    jsonb_agg(
                        jsonb_build_object(
                            'name', pa.attname,
                            'type', pt.typname
                        )
                        order by pa.attnum asc
                    )
                from
                    pg_attribute pa
                    join pg_type pt
                        on pa.atttypid = pt.oid
                where
                    attrelid = entity_
                    and attnum > 0
                    and pg_catalog.has_column_privilege(working_role, entity_, pa.attname, 'SELECT')
            )
        )
        -- Add "record" key for insert and update
        || case
            when action in ('INSERT', 'UPDATE') then
                jsonb_build_object(
                    'record',
                    (
                        select
                            jsonb_object_agg(
                                -- if unchanged toast, get column name and value from old record
                                coalesce((c).name, (oc).name),
                                case
                                    when (c).name is null then (oc).value
                                    else (c).value
                                end
                            )
                        from
                            unnest(columns) c
                            full outer join unnest(old_columns) oc
                                on (c).name = (oc).name
                        where
                            coalesce((c).is_selectable, (oc).is_selectable)
                            and ( not error_record_exceeds_max_size or (octet_length((c).value::text) <= 64))
                    )
                )
            else '{}'::jsonb
        end
        -- Add "old_record" key for update and delete
        || case
            when action = 'UPDATE' then
                jsonb_build_object(
                        'old_record',
                        (
                            select jsonb_object_agg((c).name, (c).value)
                            from unnest(old_columns) c
                            where
                                (c).is_selectable
                                and ( not error_record_exceeds_max_size or (octet_length((c).value::text) <= 64))
                        )
                    )
            when action = 'DELETE' then
                jsonb_build_object(
                    'old_record',
                    (
                        select jsonb_object_agg((c).name, (c).value)
                        from unnest(old_columns) c
                        where
                            (c).is_selectable
                            and ( not error_record_exceeds_max_size or (octet_length((c).value::text) <= 64))
                            and ( not is_rls_enabled or (c).is_pkey ) -- if RLS enabled, we can't secure deletes so filter to pkey
                    )
                )
            else '{}'::jsonb
        end;

        -- Create the prepared statement
        if is_rls_enabled and action <> 'DELETE' then
            if (select 1 from pg_prepared_statements where name = 'walrus_rls_stmt' limit 1) > 0 then
                deallocate walrus_rls_stmt;
            end if;
            execute realtime.build_prepared_statement_sql('walrus_rls_stmt', entity_, columns);
        end if;

        visible_to_subscription_ids = '{}';

        for subscription_id, claims in (
                select
                    subs.subscription_id,
                    subs.claims
                from
                    unnest(subscriptions) subs
                where
                    subs.entity = entity_
                    and subs.claims_role = working_role
                    and (
                        realtime.is_visible_through_filters(columns, subs.filters)
                        or (
                          action = 'DELETE'
                          and realtime.is_visible_through_filters(old_columns, subs.filters)
                        )
                    )
        ) loop

            if not is_rls_enabled or action = 'DELETE' then
                visible_to_subscription_ids = visible_to_subscription_ids || subscription_id;
            else
                -- Check if RLS allows the role to see the record
                perform
                    -- Trim leading and trailing quotes from working_role because set_config
                    -- doesn't recognize the role as valid if they are included
                    set_config('role', trim(both '"' from working_role::text), true),
                    set_config('request.jwt.claims', claims::text, true);

                execute 'execute walrus_rls_stmt' into subscription_has_access;

                if subscription_has_access then
                    visible_to_subscription_ids = visible_to_subscription_ids || subscription_id;
                end if;
            end if;
        end loop;

        perform set_config('role', null, true);

        return next (
            output,
            is_rls_enabled,
            visible_to_subscription_ids,
            case
                when error_record_exceeds_max_size then array['Error 413: Payload Too Large']
                else '{}'
            end
        )::realtime.wal_rls;

    end if;
end loop;

perform set_config('role', null, true);
end;
$$;


--
-- Name: broadcast_changes("text", "text", "text", "text", "text", "record", "record", "text"); Type: FUNCTION; Schema: realtime; Owner: -
--

CREATE FUNCTION "realtime"."broadcast_changes"("topic_name" "text", "event_name" "text", "operation" "text", "table_name" "text", "table_schema" "text", "new" "record", "old" "record", "level" "text" DEFAULT 'ROW'::"text") RETURNS "void"
    LANGUAGE "plpgsql"
    AS $$
DECLARE
    -- Declare a variable to hold the JSONB representation of the row
    row_data jsonb := '{}'::jsonb;
BEGIN
    IF level = 'STATEMENT' THEN
        RAISE EXCEPTION 'function can only be triggered for each row, not for each statement';
    END IF;
    -- Check the operation type and handle accordingly
    IF operation = 'INSERT' OR operation = 'UPDATE' OR operation = 'DELETE' THEN
        row_data := jsonb_build_object('old_record', OLD, 'record', NEW, 'operation', operation, 'table', table_name, 'schema', table_schema);
        PERFORM realtime.send (row_data, event_name, topic_name);
    ELSE
        RAISE EXCEPTION 'Unexpected operation type: %', operation;
    END IF;
EXCEPTION
    WHEN OTHERS THEN
        RAISE EXCEPTION 'Failed to process the row: %', SQLERRM;
END;

$$;


--
-- Name: build_prepared_statement_sql("text", "regclass", "realtime"."wal_column"[]); Type: FUNCTION; Schema: realtime; Owner: -
--

CREATE FUNCTION "realtime"."build_prepared_statement_sql"("prepared_statement_name" "text", "entity" "regclass", "columns" "realtime"."wal_column"[]) RETURNS "text"
    LANGUAGE "sql"
    AS $$
      /*
      Builds a sql string that, if executed, creates a prepared statement to
      tests retrive a row from *entity* by its primary key columns.
      Example
          select realtime.build_prepared_statement_sql('public.notes', '{"id"}'::text[], '{"bigint"}'::text[])
      */
          select
      'prepare ' || prepared_statement_name || ' as
          select
              exists(
                  select
                      1
                  from
                      ' || entity || '
                  where
                      ' || string_agg(quote_ident(pkc.name) || '=' || quote_nullable(pkc.value #>> '{}') , ' and ') || '
              )'
          from
              unnest(columns) pkc
          where
              pkc.is_pkey
          group by
              entity
      $$;


--
-- Name: cast("text", "regtype"); Type: FUNCTION; Schema: realtime; Owner: -
--

CREATE FUNCTION "realtime"."cast"("val" "text", "type_" "regtype") RETURNS "jsonb"
    LANGUAGE "plpgsql" IMMUTABLE
    AS $$
    declare
      res jsonb;
    begin
      execute format('select to_jsonb(%L::'|| type_::text || ')', val)  into res;
      return res;
    end
    $$;


--
-- Name: check_equality_op("realtime"."equality_op", "regtype", "text", "text"); Type: FUNCTION; Schema: realtime; Owner: -
--

CREATE FUNCTION "realtime"."check_equality_op"("op" "realtime"."equality_op", "type_" "regtype", "val_1" "text", "val_2" "text") RETURNS boolean
    LANGUAGE "plpgsql" IMMUTABLE
    AS $$
      /*
      Casts *val_1* and *val_2* as type *type_* and check the *op* condition for truthiness
      */
      declare
          op_symbol text = (
              case
                  when op = 'eq' then '='
                  when op = 'neq' then '!='
                  when op = 'lt' then '<'
                  when op = 'lte' then '<='
                  when op = 'gt' then '>'
                  when op = 'gte' then '>='
                  when op = 'in' then '= any'
                  else 'UNKNOWN OP'
              end
          );
          res boolean;
      begin
          execute format(
              'select %L::'|| type_::text || ' ' || op_symbol
              || ' ( %L::'
              || (
                  case
                      when op = 'in' then type_::text || '[]'
                      else type_::text end
              )
              || ')', val_1, val_2) into res;
          return res;
      end;
      $$;


--
-- Name: is_visible_through_filters("realtime"."wal_column"[], "realtime"."user_defined_filter"[]); Type: FUNCTION; Schema: realtime; Owner: -
--

CREATE FUNCTION "realtime"."is_visible_through_filters"("columns" "realtime"."wal_column"[], "filters" "realtime"."user_defined_filter"[]) RETURNS boolean
    LANGUAGE "sql" IMMUTABLE
    AS $_$
    /*
    Should the record be visible (true) or filtered out (false) after *filters* are applied
    */
        select
            -- Default to allowed when no filters present
            $2 is null -- no filters. this should not happen because subscriptions has a default
            or array_length($2, 1) is null -- array length of an empty array is null
            or bool_and(
                coalesce(
                    realtime.check_equality_op(
                        op:=f.op,
                        type_:=coalesce(
                            col.type_oid::regtype, -- null when wal2json version <= 2.4
                            col.type_name::regtype
                        ),
                        -- cast jsonb to text
                        val_1:=col.value #>> '{}',
                        val_2:=f.value
                    ),
                    false -- if null, filter does not match
                )
            )
        from
            unnest(filters) f
            join unnest(columns) col
                on f.column_name = col.name;
    $_$;


--
-- Name: list_changes("name", "name", integer, integer); Type: FUNCTION; Schema: realtime; Owner: -
--

CREATE FUNCTION "realtime"."list_changes"("publication" "name", "slot_name" "name", "max_changes" integer, "max_record_bytes" integer) RETURNS SETOF "realtime"."wal_rls"
    LANGUAGE "sql"
    SET "log_min_messages" TO 'fatal'
    AS $$
      with pub as (
        select
          concat_ws(
            ',',
            case when bool_or(pubinsert) then 'insert' else null end,
            case when bool_or(pubupdate) then 'update' else null end,
            case when bool_or(pubdelete) then 'delete' else null end
          ) as w2j_actions,
          coalesce(
            string_agg(
              realtime.quote_wal2json(format('%I.%I', schemaname, tablename)::regclass),
              ','
            ) filter (where ppt.tablename is not null and ppt.tablename not like '% %'),
            ''
          ) w2j_add_tables
        from
          pg_publication pp
          left join pg_publication_tables ppt
            on pp.pubname = ppt.pubname
        where
          pp.pubname = publication
        group by
          pp.pubname
        limit 1
      ),
      w2j as (
        select
          x.*, pub.w2j_add_tables
        from
          pub,
          pg_logical_slot_get_changes(
            slot_name, null, max_changes,
            'include-pk', 'true',
            'include-transaction', 'false',
            'include-timestamp', 'true',
            'include-type-oids', 'true',
            'format-version', '2',
            'actions', pub.w2j_actions,
            'add-tables', pub.w2j_add_tables
          ) x
      )
      select
        xyz.wal,
        xyz.is_rls_enabled,
        xyz.subscription_ids,
        xyz.errors
      from
        w2j,
        realtime.apply_rls(
          wal := w2j.data::jsonb,
          max_record_bytes := max_record_bytes
        ) xyz(wal, is_rls_enabled, subscription_ids, errors)
      where
        w2j.w2j_add_tables <> ''
        and xyz.subscription_ids[1] is not null
    $$;


--
-- Name: quote_wal2json("regclass"); Type: FUNCTION; Schema: realtime; Owner: -
--

CREATE FUNCTION "realtime"."quote_wal2json"("entity" "regclass") RETURNS "text"
    LANGUAGE "sql" IMMUTABLE STRICT
    AS $$
      select
        (
          select string_agg('' || ch,'')
          from unnest(string_to_array(nsp.nspname::text, null)) with ordinality x(ch, idx)
          where
            not (x.idx = 1 and x.ch = '"')
            and not (
              x.idx = array_length(string_to_array(nsp.nspname::text, null), 1)
              and x.ch = '"'
            )
        )
        || '.'
        || (
          select string_agg('' || ch,'')
          from unnest(string_to_array(pc.relname::text, null)) with ordinality x(ch, idx)
          where
            not (x.idx = 1 and x.ch = '"')
            and not (
              x.idx = array_length(string_to_array(nsp.nspname::text, null), 1)
              and x.ch = '"'
            )
          )
      from
        pg_class pc
        join pg_namespace nsp
          on pc.relnamespace = nsp.oid
      where
        pc.oid = entity
    $$;


--
-- Name: send("jsonb", "text", "text", boolean); Type: FUNCTION; Schema: realtime; Owner: -
--

CREATE FUNCTION "realtime"."send"("payload" "jsonb", "event" "text", "topic" "text", "private" boolean DEFAULT true) RETURNS "void"
    LANGUAGE "plpgsql"
    AS $$
DECLARE
  partition_name text;
BEGIN
  partition_name := 'messages_' || to_char(NOW(), 'YYYY_MM_DD');

  IF NOT EXISTS (
    SELECT 1
    FROM pg_class c
    JOIN pg_namespace n ON n.oid = c.relnamespace
    WHERE n.nspname = 'realtime'
    AND c.relname = partition_name
  ) THEN
    EXECUTE format(
      'CREATE TABLE realtime.%I PARTITION OF realtime.messages FOR VALUES FROM (%L) TO (%L)',
      partition_name,
      NOW(),
      (NOW() + interval '1 day')::timestamp
    );
  END IF;

  INSERT INTO realtime.messages (payload, event, topic, private, extension)
  VALUES (payload, event, topic, private, 'broadcast');
END;
$$;


--
-- Name: subscription_check_filters(); Type: FUNCTION; Schema: realtime; Owner: -
--

CREATE FUNCTION "realtime"."subscription_check_filters"() RETURNS "trigger"
    LANGUAGE "plpgsql"
    AS $$
    /*
    Validates that the user defined filters for a subscription:
    - refer to valid columns that the claimed role may access
    - values are coercable to the correct column type
    */
    declare
        col_names text[] = coalesce(
                array_agg(c.column_name order by c.ordinal_position),
                '{}'::text[]
            )
            from
                information_schema.columns c
            where
                format('%I.%I', c.table_schema, c.table_name)::regclass = new.entity
                and pg_catalog.has_column_privilege(
                    (new.claims ->> 'role'),
                    format('%I.%I', c.table_schema, c.table_name)::regclass,
                    c.column_name,
                    'SELECT'
                );
        filter realtime.user_defined_filter;
        col_type regtype;

        in_val jsonb;
    begin
        for filter in select * from unnest(new.filters) loop
            -- Filtered column is valid
            if not filter.column_name = any(col_names) then
                raise exception 'invalid column for filter %', filter.column_name;
            end if;

            -- Type is sanitized and safe for string interpolation
            col_type = (
                select atttypid::regtype
                from pg_catalog.pg_attribute
                where attrelid = new.entity
                      and attname = filter.column_name
            );
            if col_type is null then
                raise exception 'failed to lookup type for column %', filter.column_name;
            end if;

            -- Set maximum number of entries for in filter
            if filter.op = 'in'::realtime.equality_op then
                in_val = realtime.cast(filter.value, (col_type::text || '[]')::regtype);
                if coalesce(jsonb_array_length(in_val), 0) > 100 then
                    raise exception 'too many values for `in` filter. Maximum 100';
                end if;
            else
                -- raises an exception if value is not coercable to type
                perform realtime.cast(filter.value, col_type);
            end if;

        end loop;

        -- Apply consistent order to filters so the unique constraint on
        -- (subscription_id, entity, filters) can't be tricked by a different filter order
        new.filters = coalesce(
            array_agg(f order by f.column_name, f.op, f.value),
            '{}'
        ) from unnest(new.filters) f;

        return new;
    end;
    $$;


--
-- Name: to_regrole("text"); Type: FUNCTION; Schema: realtime; Owner: -
--

CREATE FUNCTION "realtime"."to_regrole"("role_name" "text") RETURNS "regrole"
    LANGUAGE "sql" IMMUTABLE
    AS $$ select role_name::regrole $$;


--
-- Name: topic(); Type: FUNCTION; Schema: realtime; Owner: -
--

CREATE FUNCTION "realtime"."topic"() RETURNS "text"
    LANGUAGE "sql" STABLE
    AS $$
select nullif(current_setting('realtime.topic', true), '')::text;
$$;


--
-- Name: can_insert_object("text", "text", "uuid", "jsonb"); Type: FUNCTION; Schema: storage; Owner: -
--

CREATE FUNCTION "storage"."can_insert_object"("bucketid" "text", "name" "text", "owner" "uuid", "metadata" "jsonb") RETURNS "void"
    LANGUAGE "plpgsql"
    AS $$
BEGIN
  INSERT INTO "storage"."objects" ("bucket_id", "name", "owner", "metadata") VALUES (bucketid, name, owner, metadata);
  -- hack to rollback the successful insert
  RAISE sqlstate 'PT200' using
  message = 'ROLLBACK',
  detail = 'rollback successful insert';
END
$$;


--
-- Name: extension("text"); Type: FUNCTION; Schema: storage; Owner: -
--

CREATE FUNCTION "storage"."extension"("name" "text") RETURNS "text"
    LANGUAGE "plpgsql"
    AS $$
DECLARE
_parts text[];
_filename text;
BEGIN
	select string_to_array(name, '/') into _parts;
	select _parts[array_length(_parts,1)] into _filename;
	-- @todo return the last part instead of 2
	return reverse(split_part(reverse(_filename), '.', 1));
END
$$;


--
-- Name: filename("text"); Type: FUNCTION; Schema: storage; Owner: -
--

CREATE FUNCTION "storage"."filename"("name" "text") RETURNS "text"
    LANGUAGE "plpgsql"
    AS $$
DECLARE
_parts text[];
BEGIN
	select string_to_array(name, '/') into _parts;
	return _parts[array_length(_parts,1)];
END
$$;


--
-- Name: foldername("text"); Type: FUNCTION; Schema: storage; Owner: -
--

CREATE FUNCTION "storage"."foldername"("name" "text") RETURNS "text"[]
    LANGUAGE "plpgsql"
    AS $$
DECLARE
_parts text[];
BEGIN
	select string_to_array(name, '/') into _parts;
	return _parts[1:array_length(_parts,1)-1];
END
$$;


--
-- Name: get_size_by_bucket(); Type: FUNCTION; Schema: storage; Owner: -
--

CREATE FUNCTION "storage"."get_size_by_bucket"() RETURNS TABLE("size" bigint, "bucket_id" "text")
    LANGUAGE "plpgsql"
    AS $$
BEGIN
    return query
        select sum((metadata->>'size')::int) as size, obj.bucket_id
        from "storage".objects as obj
        group by obj.bucket_id;
END
$$;


--
-- Name: list_multipart_uploads_with_delimiter("text", "text", "text", integer, "text", "text"); Type: FUNCTION; Schema: storage; Owner: -
--

CREATE FUNCTION "storage"."list_multipart_uploads_with_delimiter"("bucket_id" "text", "prefix_param" "text", "delimiter_param" "text", "max_keys" integer DEFAULT 100, "next_key_token" "text" DEFAULT ''::"text", "next_upload_token" "text" DEFAULT ''::"text") RETURNS TABLE("key" "text", "id" "text", "created_at" timestamp with time zone)
    LANGUAGE "plpgsql"
    AS $_$
BEGIN
    RETURN QUERY EXECUTE
        'SELECT DISTINCT ON(key COLLATE "C") * from (
            SELECT
                CASE
                    WHEN position($2 IN substring(key from length($1) + 1)) > 0 THEN
                        substring(key from 1 for length($1) + position($2 IN substring(key from length($1) + 1)))
                    ELSE
                        key
                END AS key, id, created_at
            FROM
                storage.s3_multipart_uploads
            WHERE
                bucket_id = $5 AND
                key ILIKE $1 || ''%'' AND
                CASE
                    WHEN $4 != '''' AND $6 = '''' THEN
                        CASE
                            WHEN position($2 IN substring(key from length($1) + 1)) > 0 THEN
                                substring(key from 1 for length($1) + position($2 IN substring(key from length($1) + 1))) COLLATE "C" > $4
                            ELSE
                                key COLLATE "C" > $4
                            END
                    ELSE
                        true
                END AND
                CASE
                    WHEN $6 != '''' THEN
                        id COLLATE "C" > $6
                    ELSE
                        true
                    END
            ORDER BY
                key COLLATE "C" ASC, created_at ASC) as e order by key COLLATE "C" LIMIT $3'
        USING prefix_param, delimiter_param, max_keys, next_key_token, bucket_id, next_upload_token;
END;
$_$;


--
-- Name: list_objects_with_delimiter("text", "text", "text", integer, "text", "text"); Type: FUNCTION; Schema: storage; Owner: -
--

CREATE FUNCTION "storage"."list_objects_with_delimiter"("bucket_id" "text", "prefix_param" "text", "delimiter_param" "text", "max_keys" integer DEFAULT 100, "start_after" "text" DEFAULT ''::"text", "next_token" "text" DEFAULT ''::"text") RETURNS TABLE("name" "text", "id" "uuid", "metadata" "jsonb", "updated_at" timestamp with time zone)
    LANGUAGE "plpgsql"
    AS $_$
BEGIN
    RETURN QUERY EXECUTE
        'SELECT DISTINCT ON(name COLLATE "C") * from (
            SELECT
                CASE
                    WHEN position($2 IN substring(name from length($1) + 1)) > 0 THEN
                        substring(name from 1 for length($1) + position($2 IN substring(name from length($1) + 1)))
                    ELSE
                        name
                END AS name, id, metadata, updated_at
            FROM
                storage.objects
            WHERE
                bucket_id = $5 AND
                name ILIKE $1 || ''%'' AND
                CASE
                    WHEN $6 != '''' THEN
                    name COLLATE "C" > $6
                ELSE true END
                AND CASE
                    WHEN $4 != '''' THEN
                        CASE
                            WHEN position($2 IN substring(name from length($1) + 1)) > 0 THEN
                                substring(name from 1 for length($1) + position($2 IN substring(name from length($1) + 1))) COLLATE "C" > $4
                            ELSE
                                name COLLATE "C" > $4
                            END
                    ELSE
                        true
                END
            ORDER BY
                name COLLATE "C" ASC) as e order by name COLLATE "C" LIMIT $3'
        USING prefix_param, delimiter_param, max_keys, next_token, bucket_id, start_after;
END;
$_$;


--
-- Name: operation(); Type: FUNCTION; Schema: storage; Owner: -
--

CREATE FUNCTION "storage"."operation"() RETURNS "text"
    LANGUAGE "plpgsql" STABLE
    AS $$
BEGIN
    RETURN current_setting('storage.operation', true);
END;
$$;


--
-- Name: search("text", "text", integer, integer, integer, "text", "text", "text"); Type: FUNCTION; Schema: storage; Owner: -
--

CREATE FUNCTION "storage"."search"("prefix" "text", "bucketname" "text", "limits" integer DEFAULT 100, "levels" integer DEFAULT 1, "offsets" integer DEFAULT 0, "search" "text" DEFAULT ''::"text", "sortcolumn" "text" DEFAULT 'name'::"text", "sortorder" "text" DEFAULT 'asc'::"text") RETURNS TABLE("name" "text", "id" "uuid", "updated_at" timestamp with time zone, "created_at" timestamp with time zone, "last_accessed_at" timestamp with time zone, "metadata" "jsonb")
    LANGUAGE "plpgsql" STABLE
    AS $_$
declare
  v_order_by text;
  v_sort_order text;
begin
  case
    when sortcolumn = 'name' then
      v_order_by = 'name';
    when sortcolumn = 'updated_at' then
      v_order_by = 'updated_at';
    when sortcolumn = 'created_at' then
      v_order_by = 'created_at';
    when sortcolumn = 'last_accessed_at' then
      v_order_by = 'last_accessed_at';
    else
      v_order_by = 'name';
  end case;

  case
    when sortorder = 'asc' then
      v_sort_order = 'asc';
    when sortorder = 'desc' then
      v_sort_order = 'desc';
    else
      v_sort_order = 'asc';
  end case;

  v_order_by = v_order_by || ' ' || v_sort_order;

  return query execute
    'with folders as (
       select path_tokens[$1] as folder
       from storage.objects
         where objects.name ilike $2 || $3 || ''%''
           and bucket_id = $4
           and array_length(objects.path_tokens, 1) <> $1
       group by folder
       order by folder ' || v_sort_order || '
     )
     (select folder as "name",
            null as id,
            null as updated_at,
            null as created_at,
            null as last_accessed_at,
            null as metadata from folders)
     union all
     (select path_tokens[$1] as "name",
            id,
            updated_at,
            created_at,
            last_accessed_at,
            metadata
     from storage.objects
     where objects.name ilike $2 || $3 || ''%''
       and bucket_id = $4
       and array_length(objects.path_tokens, 1) = $1
     order by ' || v_order_by || ')
     limit $5
     offset $6' using levels, prefix, search, bucketname, limits, offsets;
end;
$_$;


--
-- Name: update_updated_at_column(); Type: FUNCTION; Schema: storage; Owner: -
--

CREATE FUNCTION "storage"."update_updated_at_column"() RETURNS "trigger"
    LANGUAGE "plpgsql"
    AS $$
BEGIN
    NEW.updated_at = now();
    RETURN NEW; 
END;
$$;


--
-- Name: secrets_encrypt_secret_secret(); Type: FUNCTION; Schema: vault; Owner: -
--

CREATE FUNCTION "vault"."secrets_encrypt_secret_secret"() RETURNS "trigger"
    LANGUAGE "plpgsql"
    AS $$
		BEGIN
		        new.secret = CASE WHEN new.secret IS NULL THEN NULL ELSE
			CASE WHEN new.key_id IS NULL THEN NULL ELSE pg_catalog.encode(
			  pgsodium.crypto_aead_det_encrypt(
				pg_catalog.convert_to(new.secret, 'utf8'),
				pg_catalog.convert_to((new.id::text || new.description::text || new.created_at::text || new.updated_at::text)::text, 'utf8'),
				new.key_id::uuid,
				new.nonce
			  ),
				'base64') END END;
		RETURN new;
		END;
		$$;


SET default_tablespace = '';

SET default_table_access_method = "heap";

--
-- Name: audit_log_entries; Type: TABLE; Schema: auth; Owner: -
--

CREATE TABLE "auth"."audit_log_entries" (
    "instance_id" "uuid",
    "id" "uuid" NOT NULL,
    "payload" "json",
    "created_at" timestamp with time zone,
    "ip_address" character varying(64) DEFAULT ''::character varying NOT NULL
);


--
-- Name: TABLE "audit_log_entries"; Type: COMMENT; Schema: auth; Owner: -
--

COMMENT ON TABLE "auth"."audit_log_entries" IS 'Auth: Audit trail for user actions.';


--
-- Name: flow_state; Type: TABLE; Schema: auth; Owner: -
--

CREATE TABLE "auth"."flow_state" (
    "id" "uuid" NOT NULL,
    "user_id" "uuid",
    "auth_code" "text" NOT NULL,
    "code_challenge_method" "auth"."code_challenge_method" NOT NULL,
    "code_challenge" "text" NOT NULL,
    "provider_type" "text" NOT NULL,
    "provider_access_token" "text",
    "provider_refresh_token" "text",
    "created_at" timestamp with time zone,
    "updated_at" timestamp with time zone,
    "authentication_method" "text" NOT NULL,
    "auth_code_issued_at" timestamp with time zone
);


--
-- Name: TABLE "flow_state"; Type: COMMENT; Schema: auth; Owner: -
--

COMMENT ON TABLE "auth"."flow_state" IS 'stores metadata for pkce logins';


--
-- Name: identities; Type: TABLE; Schema: auth; Owner: -
--

CREATE TABLE "auth"."identities" (
    "provider_id" "text" NOT NULL,
    "user_id" "uuid" NOT NULL,
    "identity_data" "jsonb" NOT NULL,
    "provider" "text" NOT NULL,
    "last_sign_in_at" timestamp with time zone,
    "created_at" timestamp with time zone,
    "updated_at" timestamp with time zone,
    "email" "text" GENERATED ALWAYS AS ("lower"(("identity_data" ->> 'email'::"text"))) STORED,
    "id" "uuid" DEFAULT "gen_random_uuid"() NOT NULL
);


--
-- Name: TABLE "identities"; Type: COMMENT; Schema: auth; Owner: -
--

COMMENT ON TABLE "auth"."identities" IS 'Auth: Stores identities associated to a user.';


--
-- Name: COLUMN "identities"."email"; Type: COMMENT; Schema: auth; Owner: -
--

COMMENT ON COLUMN "auth"."identities"."email" IS 'Auth: Email is a generated column that references the optional email property in the identity_data';


--
-- Name: instances; Type: TABLE; Schema: auth; Owner: -
--

CREATE TABLE "auth"."instances" (
    "id" "uuid" NOT NULL,
    "uuid" "uuid",
    "raw_base_config" "text",
    "created_at" timestamp with time zone,
    "updated_at" timestamp with time zone
);


--
-- Name: TABLE "instances"; Type: COMMENT; Schema: auth; Owner: -
--

COMMENT ON TABLE "auth"."instances" IS 'Auth: Manages users across multiple sites.';


--
-- Name: mfa_amr_claims; Type: TABLE; Schema: auth; Owner: -
--

CREATE TABLE "auth"."mfa_amr_claims" (
    "session_id" "uuid" NOT NULL,
    "created_at" timestamp with time zone NOT NULL,
    "updated_at" timestamp with time zone NOT NULL,
    "authentication_method" "text" NOT NULL,
    "id" "uuid" NOT NULL
);


--
-- Name: TABLE "mfa_amr_claims"; Type: COMMENT; Schema: auth; Owner: -
--

COMMENT ON TABLE "auth"."mfa_amr_claims" IS 'auth: stores authenticator method reference claims for multi factor authentication';


--
-- Name: mfa_challenges; Type: TABLE; Schema: auth; Owner: -
--

CREATE TABLE "auth"."mfa_challenges" (
    "id" "uuid" NOT NULL,
    "factor_id" "uuid" NOT NULL,
    "created_at" timestamp with time zone NOT NULL,
    "verified_at" timestamp with time zone,
    "ip_address" "inet" NOT NULL,
    "otp_code" "text",
    "web_authn_session_data" "jsonb"
);


--
-- Name: TABLE "mfa_challenges"; Type: COMMENT; Schema: auth; Owner: -
--

COMMENT ON TABLE "auth"."mfa_challenges" IS 'auth: stores metadata about challenge requests made';


--
-- Name: mfa_factors; Type: TABLE; Schema: auth; Owner: -
--

CREATE TABLE "auth"."mfa_factors" (
    "id" "uuid" NOT NULL,
    "user_id" "uuid" NOT NULL,
    "friendly_name" "text",
    "factor_type" "auth"."factor_type" NOT NULL,
    "status" "auth"."factor_status" NOT NULL,
    "created_at" timestamp with time zone NOT NULL,
    "updated_at" timestamp with time zone NOT NULL,
    "secret" "text",
    "phone" "text",
    "last_challenged_at" timestamp with time zone,
    "web_authn_credential" "jsonb",
    "web_authn_aaguid" "uuid"
);


--
-- Name: TABLE "mfa_factors"; Type: COMMENT; Schema: auth; Owner: -
--

COMMENT ON TABLE "auth"."mfa_factors" IS 'auth: stores metadata about factors';


--
-- Name: one_time_tokens; Type: TABLE; Schema: auth; Owner: -
--

CREATE TABLE "auth"."one_time_tokens" (
    "id" "uuid" NOT NULL,
    "user_id" "uuid" NOT NULL,
    "token_type" "auth"."one_time_token_type" NOT NULL,
    "token_hash" "text" NOT NULL,
    "relates_to" "text" NOT NULL,
    "created_at" timestamp without time zone DEFAULT "now"() NOT NULL,
    "updated_at" timestamp without time zone DEFAULT "now"() NOT NULL,
    CONSTRAINT "one_time_tokens_token_hash_check" CHECK (("char_length"("token_hash") > 0))
);


--
-- Name: refresh_tokens; Type: TABLE; Schema: auth; Owner: -
--

CREATE TABLE "auth"."refresh_tokens" (
    "instance_id" "uuid",
    "id" bigint NOT NULL,
    "token" character varying(255),
    "user_id" character varying(255),
    "revoked" boolean,
    "created_at" timestamp with time zone,
    "updated_at" timestamp with time zone,
    "parent" character varying(255),
    "session_id" "uuid"
);


--
-- Name: TABLE "refresh_tokens"; Type: COMMENT; Schema: auth; Owner: -
--

COMMENT ON TABLE "auth"."refresh_tokens" IS 'Auth: Store of tokens used to refresh JWT tokens once they expire.';


--
-- Name: refresh_tokens_id_seq; Type: SEQUENCE; Schema: auth; Owner: -
--

CREATE SEQUENCE "auth"."refresh_tokens_id_seq"
    START WITH 1
    INCREMENT BY 1
    NO MINVALUE
    NO MAXVALUE
    CACHE 1;


--
-- Name: refresh_tokens_id_seq; Type: SEQUENCE OWNED BY; Schema: auth; Owner: -
--

ALTER SEQUENCE "auth"."refresh_tokens_id_seq" OWNED BY "auth"."refresh_tokens"."id";


--
-- Name: saml_providers; Type: TABLE; Schema: auth; Owner: -
--

CREATE TABLE "auth"."saml_providers" (
    "id" "uuid" NOT NULL,
    "sso_provider_id" "uuid" NOT NULL,
    "entity_id" "text" NOT NULL,
    "metadata_xml" "text" NOT NULL,
    "metadata_url" "text",
    "attribute_mapping" "jsonb",
    "created_at" timestamp with time zone,
    "updated_at" timestamp with time zone,
    "name_id_format" "text",
    CONSTRAINT "entity_id not empty" CHECK (("char_length"("entity_id") > 0)),
    CONSTRAINT "metadata_url not empty" CHECK ((("metadata_url" = NULL::"text") OR ("char_length"("metadata_url") > 0))),
    CONSTRAINT "metadata_xml not empty" CHECK (("char_length"("metadata_xml") > 0))
);


--
-- Name: TABLE "saml_providers"; Type: COMMENT; Schema: auth; Owner: -
--

COMMENT ON TABLE "auth"."saml_providers" IS 'Auth: Manages SAML Identity Provider connections.';


--
-- Name: saml_relay_states; Type: TABLE; Schema: auth; Owner: -
--

CREATE TABLE "auth"."saml_relay_states" (
    "id" "uuid" NOT NULL,
    "sso_provider_id" "uuid" NOT NULL,
    "request_id" "text" NOT NULL,
    "for_email" "text",
    "redirect_to" "text",
    "created_at" timestamp with time zone,
    "updated_at" timestamp with time zone,
    "flow_state_id" "uuid",
    CONSTRAINT "request_id not empty" CHECK (("char_length"("request_id") > 0))
);


--
-- Name: TABLE "saml_relay_states"; Type: COMMENT; Schema: auth; Owner: -
--

COMMENT ON TABLE "auth"."saml_relay_states" IS 'Auth: Contains SAML Relay State information for each Service Provider initiated login.';


--
-- Name: schema_migrations; Type: TABLE; Schema: auth; Owner: -
--

CREATE TABLE "auth"."schema_migrations" (
    "version" character varying(255) NOT NULL
);


--
-- Name: TABLE "schema_migrations"; Type: COMMENT; Schema: auth; Owner: -
--

COMMENT ON TABLE "auth"."schema_migrations" IS 'Auth: Manages updates to the auth system.';


--
-- Name: sessions; Type: TABLE; Schema: auth; Owner: -
--

CREATE TABLE "auth"."sessions" (
    "id" "uuid" NOT NULL,
    "user_id" "uuid" NOT NULL,
    "created_at" timestamp with time zone,
    "updated_at" timestamp with time zone,
    "factor_id" "uuid",
    "aal" "auth"."aal_level",
    "not_after" timestamp with time zone,
    "refreshed_at" timestamp without time zone,
    "user_agent" "text",
    "ip" "inet",
    "tag" "text"
);


--
-- Name: TABLE "sessions"; Type: COMMENT; Schema: auth; Owner: -
--

COMMENT ON TABLE "auth"."sessions" IS 'Auth: Stores session data associated to a user.';


--
-- Name: COLUMN "sessions"."not_after"; Type: COMMENT; Schema: auth; Owner: -
--

COMMENT ON COLUMN "auth"."sessions"."not_after" IS 'Auth: Not after is a nullable column that contains a timestamp after which the session should be regarded as expired.';


--
-- Name: sso_domains; Type: TABLE; Schema: auth; Owner: -
--

CREATE TABLE "auth"."sso_domains" (
    "id" "uuid" NOT NULL,
    "sso_provider_id" "uuid" NOT NULL,
    "domain" "text" NOT NULL,
    "created_at" timestamp with time zone,
    "updated_at" timestamp with time zone,
    CONSTRAINT "domain not empty" CHECK (("char_length"("domain") > 0))
);


--
-- Name: TABLE "sso_domains"; Type: COMMENT; Schema: auth; Owner: -
--

COMMENT ON TABLE "auth"."sso_domains" IS 'Auth: Manages SSO email address domain mapping to an SSO Identity Provider.';


--
-- Name: sso_providers; Type: TABLE; Schema: auth; Owner: -
--

CREATE TABLE "auth"."sso_providers" (
    "id" "uuid" NOT NULL,
    "resource_id" "text",
    "created_at" timestamp with time zone,
    "updated_at" timestamp with time zone,
    CONSTRAINT "resource_id not empty" CHECK ((("resource_id" = NULL::"text") OR ("char_length"("resource_id") > 0)))
);


--
-- Name: TABLE "sso_providers"; Type: COMMENT; Schema: auth; Owner: -
--

COMMENT ON TABLE "auth"."sso_providers" IS 'Auth: Manages SSO identity provider information; see saml_providers for SAML.';


--
-- Name: COLUMN "sso_providers"."resource_id"; Type: COMMENT; Schema: auth; Owner: -
--

COMMENT ON COLUMN "auth"."sso_providers"."resource_id" IS 'Auth: Uniquely identifies a SSO provider according to a user-chosen resource ID (case insensitive), useful in infrastructure as code.';


--
-- Name: users; Type: TABLE; Schema: auth; Owner: -
--

CREATE TABLE "auth"."users" (
    "instance_id" "uuid",
    "id" "uuid" NOT NULL,
    "aud" character varying(255),
    "role" character varying(255),
    "email" character varying(255),
    "encrypted_password" character varying(255),
    "email_confirmed_at" timestamp with time zone,
    "invited_at" timestamp with time zone,
    "confirmation_token" character varying(255),
    "confirmation_sent_at" timestamp with time zone,
    "recovery_token" character varying(255),
    "recovery_sent_at" timestamp with time zone,
    "email_change_token_new" character varying(255),
    "email_change" character varying(255),
    "email_change_sent_at" timestamp with time zone,
    "last_sign_in_at" timestamp with time zone,
    "raw_app_meta_data" "jsonb",
    "raw_user_meta_data" "jsonb",
    "is_super_admin" boolean,
    "created_at" timestamp with time zone,
    "updated_at" timestamp with time zone,
    "phone" "text" DEFAULT NULL::character varying,
    "phone_confirmed_at" timestamp with time zone,
    "phone_change" "text" DEFAULT ''::character varying,
    "phone_change_token" character varying(255) DEFAULT ''::character varying,
    "phone_change_sent_at" timestamp with time zone,
    "confirmed_at" timestamp with time zone GENERATED ALWAYS AS (LEAST("email_confirmed_at", "phone_confirmed_at")) STORED,
    "email_change_token_current" character varying(255) DEFAULT ''::character varying,
    "email_change_confirm_status" smallint DEFAULT 0,
    "banned_until" timestamp with time zone,
    "reauthentication_token" character varying(255) DEFAULT ''::character varying,
    "reauthentication_sent_at" timestamp with time zone,
    "is_sso_user" boolean DEFAULT false NOT NULL,
    "deleted_at" timestamp with time zone,
    "is_anonymous" boolean DEFAULT false NOT NULL,
    CONSTRAINT "users_email_change_confirm_status_check" CHECK ((("email_change_confirm_status" >= 0) AND ("email_change_confirm_status" <= 2)))
);


--
-- Name: TABLE "users"; Type: COMMENT; Schema: auth; Owner: -
--

COMMENT ON TABLE "auth"."users" IS 'Auth: Stores user login data within a secure schema.';


--
-- Name: COLUMN "users"."is_sso_user"; Type: COMMENT; Schema: auth; Owner: -
--

COMMENT ON COLUMN "auth"."users"."is_sso_user" IS 'Auth: Set this column to true when the account comes from SSO. These accounts can have duplicate emails.';


--
-- Name: CoinFlipGameLog; Type: TABLE; Schema: public; Owner: -
--

CREATE TABLE "public"."CoinFlipGameLog" (
    "id" "text" NOT NULL,
    "userId" "text" NOT NULL,
    "bet" integer NOT NULL,
    "win" boolean NOT NULL,
    "updatedMoney" integer NOT NULL,
    "createdAt" timestamp(3) without time zone DEFAULT CURRENT_TIMESTAMP NOT NULL
);


--
-- Name: Goods; Type: TABLE; Schema: public; Owner: -
--

CREATE TABLE "public"."Goods" (
    "id" "text" NOT NULL,
    "type" "text" NOT NULL,
    "name" "text" NOT NULL,
    "price" integer NOT NULL,
    "description" "text" NOT NULL,
    "createdAt" timestamp(3) without time zone DEFAULT CURRENT_TIMESTAMP NOT NULL
);


--
-- Name: Guild; Type: TABLE; Schema: public; Owner: -
--

CREATE TABLE "public"."Guild" (
    "id" "text" NOT NULL,
    "name" "text" NOT NULL,
    "joinedAt" timestamp(3) without time zone DEFAULT CURRENT_TIMESTAMP NOT NULL
);


--
-- Name: JankenGame; Type: TABLE; Schema: public; Owner: -
--

CREATE TABLE "public"."JankenGame" (
    "id" "text" NOT NULL,
    "challengerId" "text" NOT NULL,
    "opponentId" "text" NOT NULL,
    "challengerChoice" "text" NOT NULL,
    "opponentChoice" "text" NOT NULL,
    "challengerBet" integer NOT NULL,
    "opponentBet" integer NOT NULL,
    "winnerId" "text",
    "createdAt" timestamp(3) without time zone DEFAULT CURRENT_TIMESTAMP NOT NULL
);


--
-- Name: OmikujiResult; Type: TABLE; Schema: public; Owner: -
--

CREATE TABLE "public"."OmikujiResult" (
    "id" "text" NOT NULL,
    "userId" "text" NOT NULL,
    "result" "text" NOT NULL,
    "createdAt" timestamp(3) without time zone DEFAULT CURRENT_TIMESTAMP NOT NULL
);


--
-- Name: ScheduledMessage; Type: TABLE; Schema: public; Owner: -
--

CREATE TABLE "public"."ScheduledMessage" (
    "id" "text" NOT NULL,
    "guildId" "text" NOT NULL,
    "channelId" "text" NOT NULL,
    "message" "text" NOT NULL,
    "scheduleTime" "text" NOT NULL,
    "isActive" boolean DEFAULT true NOT NULL,
    "createdAt" timestamp(3) without time zone DEFAULT CURRENT_TIMESTAMP NOT NULL,
    "updatedAt" timestamp(3) without time zone NOT NULL,
    "createdUserId" "text" NOT NULL
);


--
-- Name: User; Type: TABLE; Schema: public; Owner: -
--

CREATE TABLE "public"."User" (
    "id" "text" NOT NULL,
    "name" "text" NOT NULL,
    "money" integer DEFAULT 1000 NOT NULL,
    "lastDrawDate" timestamp(3) without time zone DEFAULT CURRENT_TIMESTAMP NOT NULL,
    "createdAt" timestamp(3) without time zone DEFAULT CURRENT_TIMESTAMP NOT NULL
);


--
-- Name: UserGuild; Type: TABLE; Schema: public; Owner: -
--

CREATE TABLE "public"."UserGuild" (
    "userId" "text" NOT NULL,
    "guildId" "text" NOT NULL
);


--
-- Name: _prisma_migrations; Type: TABLE; Schema: public; Owner: -
--

CREATE TABLE "public"."_prisma_migrations" (
    "id" character varying(36) NOT NULL,
    "checksum" character varying(64) NOT NULL,
    "finished_at" timestamp with time zone,
    "migration_name" character varying(255) NOT NULL,
    "logs" "text",
    "rolled_back_at" timestamp with time zone,
    "started_at" timestamp with time zone DEFAULT "now"() NOT NULL,
    "applied_steps_count" integer DEFAULT 0 NOT NULL
);


--
-- Name: messages; Type: TABLE; Schema: realtime; Owner: -
--

CREATE TABLE "realtime"."messages" (
    "topic" "text" NOT NULL,
    "extension" "text" NOT NULL,
    "payload" "jsonb",
    "event" "text",
    "private" boolean DEFAULT false,
    "updated_at" timestamp without time zone DEFAULT "now"() NOT NULL,
    "inserted_at" timestamp without time zone DEFAULT "now"() NOT NULL,
    "id" "uuid" DEFAULT "gen_random_uuid"() NOT NULL
)
PARTITION BY RANGE ("inserted_at");


--
-- Name: schema_migrations; Type: TABLE; Schema: realtime; Owner: -
--

CREATE TABLE "realtime"."schema_migrations" (
    "version" bigint NOT NULL,
    "inserted_at" timestamp(0) without time zone
);


--
-- Name: subscription; Type: TABLE; Schema: realtime; Owner: -
--

CREATE TABLE "realtime"."subscription" (
    "id" bigint NOT NULL,
    "subscription_id" "uuid" NOT NULL,
    "entity" "regclass" NOT NULL,
    "filters" "realtime"."user_defined_filter"[] DEFAULT '{}'::"realtime"."user_defined_filter"[] NOT NULL,
    "claims" "jsonb" NOT NULL,
    "claims_role" "regrole" GENERATED ALWAYS AS ("realtime"."to_regrole"(("claims" ->> 'role'::"text"))) STORED NOT NULL,
    "created_at" timestamp without time zone DEFAULT "timezone"('utc'::"text", "now"()) NOT NULL
);


--
-- Name: subscription_id_seq; Type: SEQUENCE; Schema: realtime; Owner: -
--

ALTER TABLE "realtime"."subscription" ALTER COLUMN "id" ADD GENERATED ALWAYS AS IDENTITY (
    SEQUENCE NAME "realtime"."subscription_id_seq"
    START WITH 1
    INCREMENT BY 1
    NO MINVALUE
    NO MAXVALUE
    CACHE 1
);


--
-- Name: buckets; Type: TABLE; Schema: storage; Owner: -
--

CREATE TABLE "storage"."buckets" (
    "id" "text" NOT NULL,
    "name" "text" NOT NULL,
    "owner" "uuid",
    "created_at" timestamp with time zone DEFAULT "now"(),
    "updated_at" timestamp with time zone DEFAULT "now"(),
    "public" boolean DEFAULT false,
    "avif_autodetection" boolean DEFAULT false,
    "file_size_limit" bigint,
    "allowed_mime_types" "text"[],
    "owner_id" "text"
);


--
-- Name: COLUMN "buckets"."owner"; Type: COMMENT; Schema: storage; Owner: -
--

COMMENT ON COLUMN "storage"."buckets"."owner" IS 'Field is deprecated, use owner_id instead';


--
-- Name: migrations; Type: TABLE; Schema: storage; Owner: -
--

CREATE TABLE "storage"."migrations" (
    "id" integer NOT NULL,
    "name" character varying(100) NOT NULL,
    "hash" character varying(40) NOT NULL,
    "executed_at" timestamp without time zone DEFAULT CURRENT_TIMESTAMP
);


--
-- Name: objects; Type: TABLE; Schema: storage; Owner: -
--

CREATE TABLE "storage"."objects" (
    "id" "uuid" DEFAULT "gen_random_uuid"() NOT NULL,
    "bucket_id" "text",
    "name" "text",
    "owner" "uuid",
    "created_at" timestamp with time zone DEFAULT "now"(),
    "updated_at" timestamp with time zone DEFAULT "now"(),
    "last_accessed_at" timestamp with time zone DEFAULT "now"(),
    "metadata" "jsonb",
    "path_tokens" "text"[] GENERATED ALWAYS AS ("string_to_array"("name", '/'::"text")) STORED,
    "version" "text",
    "owner_id" "text",
    "user_metadata" "jsonb"
);


--
-- Name: COLUMN "objects"."owner"; Type: COMMENT; Schema: storage; Owner: -
--

COMMENT ON COLUMN "storage"."objects"."owner" IS 'Field is deprecated, use owner_id instead';


--
-- Name: s3_multipart_uploads; Type: TABLE; Schema: storage; Owner: -
--

CREATE TABLE "storage"."s3_multipart_uploads" (
    "id" "text" NOT NULL,
    "in_progress_size" bigint DEFAULT 0 NOT NULL,
    "upload_signature" "text" NOT NULL,
    "bucket_id" "text" NOT NULL,
    "key" "text" NOT NULL COLLATE "pg_catalog"."C",
    "version" "text" NOT NULL,
    "owner_id" "text",
    "created_at" timestamp with time zone DEFAULT "now"() NOT NULL,
    "user_metadata" "jsonb"
);


--
-- Name: s3_multipart_uploads_parts; Type: TABLE; Schema: storage; Owner: -
--

CREATE TABLE "storage"."s3_multipart_uploads_parts" (
    "id" "uuid" DEFAULT "gen_random_uuid"() NOT NULL,
    "upload_id" "text" NOT NULL,
    "size" bigint DEFAULT 0 NOT NULL,
    "part_number" integer NOT NULL,
    "bucket_id" "text" NOT NULL,
    "key" "text" NOT NULL COLLATE "pg_catalog"."C",
    "etag" "text" NOT NULL,
    "owner_id" "text",
    "version" "text" NOT NULL,
    "created_at" timestamp with time zone DEFAULT "now"() NOT NULL
);


--
-- Name: decrypted_secrets; Type: VIEW; Schema: vault; Owner: -
--

CREATE VIEW "vault"."decrypted_secrets" AS
 SELECT "secrets"."id",
    "secrets"."name",
    "secrets"."description",
    "secrets"."secret",
        CASE
            WHEN ("secrets"."secret" IS NULL) THEN NULL::"text"
            ELSE
            CASE
                WHEN ("secrets"."key_id" IS NULL) THEN NULL::"text"
                ELSE "convert_from"("pgsodium"."crypto_aead_det_decrypt"("decode"("secrets"."secret", 'base64'::"text"), "convert_to"((((("secrets"."id")::"text" || "secrets"."description") || ("secrets"."created_at")::"text") || ("secrets"."updated_at")::"text"), 'utf8'::"name"), "secrets"."key_id", "secrets"."nonce"), 'utf8'::"name")
            END
        END AS "decrypted_secret",
    "secrets"."key_id",
    "secrets"."nonce",
    "secrets"."created_at",
    "secrets"."updated_at"
   FROM "vault"."secrets";


--
-- Name: refresh_tokens id; Type: DEFAULT; Schema: auth; Owner: -
--

ALTER TABLE ONLY "auth"."refresh_tokens" ALTER COLUMN "id" SET DEFAULT "nextval"('"auth"."refresh_tokens_id_seq"'::"regclass");


--
-- Data for Name: audit_log_entries; Type: TABLE DATA; Schema: auth; Owner: -
--

COPY "auth"."audit_log_entries" ("instance_id", "id", "payload", "created_at", "ip_address") FROM stdin;
\.


--
-- Data for Name: flow_state; Type: TABLE DATA; Schema: auth; Owner: -
--

COPY "auth"."flow_state" ("id", "user_id", "auth_code", "code_challenge_method", "code_challenge", "provider_type", "provider_access_token", "provider_refresh_token", "created_at", "updated_at", "authentication_method", "auth_code_issued_at") FROM stdin;
\.


--
-- Data for Name: identities; Type: TABLE DATA; Schema: auth; Owner: -
--

COPY "auth"."identities" ("provider_id", "user_id", "identity_data", "provider", "last_sign_in_at", "created_at", "updated_at", "id") FROM stdin;
\.


--
-- Data for Name: instances; Type: TABLE DATA; Schema: auth; Owner: -
--

COPY "auth"."instances" ("id", "uuid", "raw_base_config", "created_at", "updated_at") FROM stdin;
\.


--
-- Data for Name: mfa_amr_claims; Type: TABLE DATA; Schema: auth; Owner: -
--

COPY "auth"."mfa_amr_claims" ("session_id", "created_at", "updated_at", "authentication_method", "id") FROM stdin;
\.


--
-- Data for Name: mfa_challenges; Type: TABLE DATA; Schema: auth; Owner: -
--

COPY "auth"."mfa_challenges" ("id", "factor_id", "created_at", "verified_at", "ip_address", "otp_code", "web_authn_session_data") FROM stdin;
\.


--
-- Data for Name: mfa_factors; Type: TABLE DATA; Schema: auth; Owner: -
--

COPY "auth"."mfa_factors" ("id", "user_id", "friendly_name", "factor_type", "status", "created_at", "updated_at", "secret", "phone", "last_challenged_at", "web_authn_credential", "web_authn_aaguid") FROM stdin;
\.


--
-- Data for Name: one_time_tokens; Type: TABLE DATA; Schema: auth; Owner: -
--

COPY "auth"."one_time_tokens" ("id", "user_id", "token_type", "token_hash", "relates_to", "created_at", "updated_at") FROM stdin;
\.


--
-- Data for Name: refresh_tokens; Type: TABLE DATA; Schema: auth; Owner: -
--

COPY "auth"."refresh_tokens" ("instance_id", "id", "token", "user_id", "revoked", "created_at", "updated_at", "parent", "session_id") FROM stdin;
\.


--
-- Data for Name: saml_providers; Type: TABLE DATA; Schema: auth; Owner: -
--

COPY "auth"."saml_providers" ("id", "sso_provider_id", "entity_id", "metadata_xml", "metadata_url", "attribute_mapping", "created_at", "updated_at", "name_id_format") FROM stdin;
\.


--
-- Data for Name: saml_relay_states; Type: TABLE DATA; Schema: auth; Owner: -
--

COPY "auth"."saml_relay_states" ("id", "sso_provider_id", "request_id", "for_email", "redirect_to", "created_at", "updated_at", "flow_state_id") FROM stdin;
\.


--
-- Data for Name: schema_migrations; Type: TABLE DATA; Schema: auth; Owner: -
--

COPY "auth"."schema_migrations" ("version") FROM stdin;
20171026211738
20171026211808
20171026211834
20180103212743
20180108183307
20180119214651
20180125194653
00
20210710035447
20210722035447
20210730183235
20210909172000
20210927181326
20211122151130
20211124214934
20211202183645
20220114185221
20220114185340
20220224000811
20220323170000
20220429102000
20220531120530
20220614074223
20220811173540
20221003041349
20221003041400
20221011041400
20221020193600
20221021073300
20221021082433
20221027105023
20221114143122
20221114143410
20221125140132
20221208132122
20221215195500
20221215195800
20221215195900
20230116124310
20230116124412
20230131181311
20230322519590
20230402418590
20230411005111
20230508135423
20230523124323
20230818113222
20230914180801
20231027141322
20231114161723
20231117164230
20240115144230
20240214120130
20240306115329
20240314092811
20240427152123
20240612123726
20240729123726
20240802193726
20240806073726
20241009103726
\.


--
-- Data for Name: sessions; Type: TABLE DATA; Schema: auth; Owner: -
--

COPY "auth"."sessions" ("id", "user_id", "created_at", "updated_at", "factor_id", "aal", "not_after", "refreshed_at", "user_agent", "ip", "tag") FROM stdin;
\.


--
-- Data for Name: sso_domains; Type: TABLE DATA; Schema: auth; Owner: -
--

COPY "auth"."sso_domains" ("id", "sso_provider_id", "domain", "created_at", "updated_at") FROM stdin;
\.


--
-- Data for Name: sso_providers; Type: TABLE DATA; Schema: auth; Owner: -
--

COPY "auth"."sso_providers" ("id", "resource_id", "created_at", "updated_at") FROM stdin;
\.


--
-- Data for Name: users; Type: TABLE DATA; Schema: auth; Owner: -
--

COPY "auth"."users" ("instance_id", "id", "aud", "role", "email", "encrypted_password", "email_confirmed_at", "invited_at", "confirmation_token", "confirmation_sent_at", "recovery_token", "recovery_sent_at", "email_change_token_new", "email_change", "email_change_sent_at", "last_sign_in_at", "raw_app_meta_data", "raw_user_meta_data", "is_super_admin", "created_at", "updated_at", "phone", "phone_confirmed_at", "phone_change", "phone_change_token", "phone_change_sent_at", "email_change_token_current", "email_change_confirm_status", "banned_until", "reauthentication_token", "reauthentication_sent_at", "is_sso_user", "deleted_at", "is_anonymous") FROM stdin;
\.


--
-- Data for Name: key; Type: TABLE DATA; Schema: pgsodium; Owner: -
--

COPY "pgsodium"."key" ("id", "status", "created", "expires", "key_type", "key_id", "key_context", "name", "associated_data", "raw_key", "raw_key_nonce", "parent_key", "comment", "user_data") FROM stdin;
\.


--
-- Data for Name: CoinFlipGameLog; Type: TABLE DATA; Schema: public; Owner: -
--

COPY "public"."CoinFlipGameLog" ("id", "userId", "bet", "win", "updatedMoney", "createdAt") FROM stdin;
cm59ek4m80001rtwnk9kwozzh	686898398305189891	100	f	9900	2024-12-29 09:22:51.105
cm59ek74s0003rtwnww6qm8av	686898398305189891	100	t	10000	2024-12-29 09:22:54.364
cm59ek9ap0005rtwnbvqc7jgt	686898398305189891	100	f	9900	2024-12-29 09:22:57.169
cm59ekb8i0007rtwn7d9ul21e	686898398305189891	100	t	10000	2024-12-29 09:22:59.683
cm59ekcvr0009rtwnkjdh7kvl	686898398305189891	100	t	10100	2024-12-29 09:23:01.816
cm59ekf36000brtwnvyzxi6rf	686898398305189891	100	t	10200	2024-12-29 09:23:04.674
cm59ekgzm000drtwn30i4d9gu	686898398305189891	100	t	10300	2024-12-29 09:23:07.138
cm59ekiqg000frtwn60zu6nxv	686898398305189891	100	t	10400	2024-12-29 09:23:09.4
cm59ekkqr000hrtwnkzkpm3ju	686898398305189891	100	f	10300	2024-12-29 09:23:12.003
cm59ekr7e000jrtwnc1szgt1k	686898398305189891	200	t	10500	2024-12-29 09:23:20.378
cm59ektls000lrtwnk0al6tcc	686898398305189891	200	f	10300	2024-12-29 09:23:23.488
cm59ekz2x000nrtwny4jga6im	686898398305189891	400	f	9900	2024-12-29 09:23:30.586
cm59el5j3000prtwnrz4n5dcb	686898398305189891	800	f	9100	2024-12-29 09:23:38.943
cm59elbys000rrtwn9v9ye0p9	686898398305189891	1600	f	7500	2024-12-29 09:23:47.284
cm59elifa000trtwnptaf554l	686898398305189891	3200	t	10700	2024-12-29 09:23:55.655
cm59elocs000vrtwnovb0tvto	686898398305189891	200	f	10500	2024-12-29 09:24:03.34
cm59eltn8000xrtwnxs09nfth	686898398305189891	400	t	10900	2024-12-29 09:24:10.196
cm59elz6v000zrtwnspg9y9hy	686898398305189891	200	f	10700	2024-12-29 09:24:17.383
cm59em42x0011rtwn29yjj1p2	686898398305189891	400	t	11100	2024-12-29 09:24:23.722
cm59emaqr0013rtwngfxy8xdg	686898398305189891	200	f	10900	2024-12-29 09:24:32.356
cm59emfhb0015rtwnw21i3wh2	686898398305189891	400	t	11300	2024-12-29 09:24:38.495
cm59emknf0017rtwnlswfqaz8	686898398305189891	200	f	11100	2024-12-29 09:24:45.196
cm59empj70019rtwnn4swf71y	686898398305189891	400	f	10700	2024-12-29 09:24:51.524
cm59emwdc001brtwn91wylyyv	686898398305189891	800	t	11500	2024-12-29 09:25:00.385
cm59enz3r001drtwn7u2dqtr2	686898398305189891	200	t	11700	2024-12-29 09:25:50.583
cm59eo1bz001frtwngqe6e7e3	686898398305189891	200	f	11500	2024-12-29 09:25:53.472
cm59eo6tv001hrtwntf88r8x1	686898398305189891	400	f	11100	2024-12-29 09:26:00.595
cm59eodh3001jrtwn1kr9f7qz	686898398305189891	800	t	11900	2024-12-29 09:26:09.208
cm59eoipp001lrtwn7apbtcwg	686898398305189891	200	t	12100	2024-12-29 09:26:15.997
cm59eoknc001nrtwntwb8pq4s	686898398305189891	200	f	11900	2024-12-29 09:26:18.504
cm59eopik001prtwnu1yifdn4	686898398305189891	400	f	11500	2024-12-29 09:26:24.812
cm59eovid001rrtwn5zq0voyb	686898398305189891	800	t	12300	2024-12-29 09:26:32.582
cm59nbdrw00054tjy9c0ciiu0	686898398305189891	200	t	20600	2024-12-29 13:27:59.613
cm59nc6q400074tjygm37zjbk	752858321869996213	500	t	24100	2024-12-29 13:28:37.132
cm59nc6qj00094tjyb1ghjn1w	752858321869996213	200	t	23800	2024-12-29 13:28:37.147
cm59nc6ql000b4tjyjcxxqm7l	752858321869996213	200	t	23800	2024-12-29 13:28:37.149
cm59nd90d000193vaymgmdm1x	686898398305189891	200	t	20800	2024-12-29 13:29:26.749
\.


--
-- Data for Name: Goods; Type: TABLE DATA; Schema: public; Owner: -
--

COPY "public"."Goods" ("id", "type", "name", "price", "description", "createdAt") FROM stdin;
\.


--
-- Data for Name: Guild; Type: TABLE DATA; Schema: public; Owner: -
--

COPY "public"."Guild" ("id", "name", "joinedAt") FROM stdin;
688649409172471849	miyabitti's server	2024-12-29 09:03:10.693
1274610120361508884	miyabittisub	2024-12-29 09:03:10.698
891277303286476900		2024-12-29 09:03:10.696
870714724986273853		2024-12-29 09:03:10.696
\.


--
-- Data for Name: JankenGame; Type: TABLE DATA; Schema: public; Owner: -
--

COPY "public"."JankenGame" ("id", "challengerId", "opponentId", "challengerChoice", "opponentChoice", "challengerBet", "opponentBet", "winnerId", "createdAt") FROM stdin;
cm59ez5ic0001ojedj8lvkaan	686898398305189891	877842735313346620	PAPER	SCISSORS	100	100	877842735313346620	2024-12-29 09:34:32.099
cm59f446s0003ojeddkiwnhkm	877842735313346620	686898398305189891	ROCK	PAPER	500	5000	686898398305189891	2024-12-29 09:38:23.668
cm59n9pk800014tjynbjtzjmx	752858321869996213	686898398305189891	PAPER	SCISSORS	500	100	686898398305189891	2024-12-29 13:26:41.555
cm59na5kx00034tjymn5z6o7q	752858321869996213	686898398305189891	PAPER	ROCK	1000	100	752858321869996213	2024-12-29 13:27:02.316
cm59o8odh000393vairu9thvl	627521141942124544	686898398305189891	SCISSORS	SCISSORS	100	100	\N	2024-12-29 13:53:52.998
cm59o954t000593vav2k6s3q7	627521141942124544	686898398305189891	PAPER	PAPER	100	100	\N	2024-12-29 13:54:14.718
cm59o9p28000793van8hfpgd3	627521141942124544	686898398305189891	SCISSORS	ROCK	100	100	686898398305189891	2024-12-29 13:54:40.525
cm59oaf8f000993valre5cu5w	627521141942124544	686898398305189891	PAPER	PAPER	100	100	\N	2024-12-29 13:55:14.464
cm59oartf000b93va7cqfrey3	627521141942124544	686898398305189891	ROCK	PAPER	100	100	686898398305189891	2024-12-29 13:55:30.772
cm59p5liu00011t9yhmjzn8t2	877842735313346620	686898398305189891	ROCK	PAPER	500	500	686898398305189891	2024-12-29 14:19:28.95
cm59psj6h000111gnuwthxpc8	877842735313346620	686898398305189891	PAPER	ROCK	0	0	877842735313346620	2024-12-29 14:37:18.923
cm59psqj9000311gnklte4bdb	877842735313346620	686898398305189891	ROCK	SCISSORS	0	0	877842735313346620	2024-12-29 14:37:28.533
cm59psydu000511gnb0v2ixgs	877842735313346620	686898398305189891	ROCK	PAPER	0	0	686898398305189891	2024-12-29 14:37:38.698
cm5ajloxs000j11gn9h27g4gd	686898398305189891	752858321869996213	PAPER	ROCK	0	0	686898398305189891	2024-12-30 04:31:48.322
cm5ajlwzs000l11gnnnn7857f	686898398305189891	752858321869996213	ROCK	ROCK	0	0	\N	2024-12-30 04:31:58.792
cm5ajm6jf000n11gnr44vmbam	686898398305189891	752858321869996213	ROCK	ROCK	0	0	\N	2024-12-30 04:32:11.158
cm5ajmdln000p11gnbthplkc4	686898398305189891	752858321869996213	SCISSORS	SCISSORS	0	0	\N	2024-12-30 04:32:20.315
cm5ajmlkg000r11gnbhnykl92	686898398305189891	752858321869996213	SCISSORS	SCISSORS	0	0	\N	2024-12-30 04:32:30.634
cm5ajmsvf000t11gnips2h8y8	686898398305189891	752858321869996213	ROCK	ROCK	0	0	\N	2024-12-30 04:32:40.107
cm5ajn279000v11gn94ars3xc	686898398305189891	752858321869996213	PAPER	PAPER	0	0	\N	2024-12-30 04:32:52.191
cm5ajnjho000x11gnewl3a1gi	686898398305189891	752858321869996213	ROCK	ROCK	0	0	\N	2024-12-30 04:33:14.598
cm5ajntk2000z11gng0xwrjmo	686898398305189891	752858321869996213	ROCK	SCISSORS	0	0	686898398305189891	2024-12-30 04:33:27.65
\.


--
-- Data for Name: OmikujiResult; Type: TABLE DATA; Schema: public; Owner: -
--

COPY "public"."OmikujiResult" ("id", "userId", "result", "createdAt") FROM stdin;
cm59om33q000d93vawrxxbwel	627521141942124544		2024-12-29 14:04:18.615
cm59oshy7000f93vaod6jao9c	752858321869996213		2024-12-29 14:09:17.773
cm5aai7fv000711gnoscvkl1h	561352731701280809		2024-12-30 00:17:09.002
cm5aca038000911gncusp3rbu	865354313072508958		2024-12-30 01:06:45.592
cm5acukuj000b11gns18iiqm7	627521141942124544		2024-12-30 01:22:45.614
cm5ada6kh000d11gngsbti527	611583309952319508		2024-12-30 01:34:53.605
cm5adgntp000f11gnjoqfy91z	752858321869996213		2024-12-30 01:39:55.91
cm5aga1og000h11gn00i704qu	686898398305189891		2024-12-30 02:58:46.144
cm5bi22k1001111gnrvjdridq	561352731701280809		2024-12-30 20:36:19.417
cm5bm4q4o001311gn4suf5yuz	686898398305189891		2024-12-30 22:30:21.74
cm5bmf76r001511gnskeuqagi	611583309952319508		2024-12-30 22:38:30.408
cm5bnld99001711gnwckgwuy7	627521141942124544		2024-12-30 23:11:17.828
cm5bnx6wm001911gn98yn3vwh	865354313072508958		2024-12-30 23:20:29.461
cm5bu8jrl001b11gnmxh8enpi	752858321869996213		2024-12-31 02:17:17.021
cm5cwu81r001d11gnc13gu6pk	561352731701280809		2024-12-31 20:17:53.727
cm5cx7fk1001f11gn94jabspj	686898398305189891		2024-12-31 20:28:09.955
cm5d3bk3v001h11gnsrf7jci8	752858321869996213		2024-12-31 23:19:20.203
cm5d4r03e001j11gniv8l1lmo	865354313072508958		2024-12-31 23:59:20.378
cm5d57bwy001l11gn0ihli1lp	627521141942124544		2025-01-01 00:12:02.166
cm5d5z39q001n11gntwgd1rmg	611583309952319508		2025-01-01 00:33:37.335
cm5ejjeuf0001dkix3gjxd3bs	611583309952319508		2025-01-01 23:41:06.63
cm5eoygvk0003dkix4u1ipez6	752858321869996213		2025-01-02 02:12:47.19
cm5erbhvz0005dkixuovdbhul	627521141942124544		2025-01-02 03:18:54.287
cm5evldcj0007dkixk70u6u3e	865354313072508958		2025-01-02 05:18:33.398
cm5f67anj0009dkixrcj6hh1s	561352731701280809		2025-01-02 10:15:32.528
cm5fo4plu000bdkix8wkffyre	686898398305189891		2025-01-02 18:37:25.024
cm5fymi1x000ddkixh4fxqsgb	752858321869996213		2025-01-02 23:31:11.205
cm5fyn25m000fdkix9p4udxs4	627521141942124544		2025-01-02 23:31:37.252
cm5g136ro0001oa28gtear5vv	611583309952319508		2025-01-03 00:40:08.964
cm5g14y3o0003oa287q2ggnal	865354313072508958		2025-01-03 00:41:31.039
cm5g5yjjd0005oa28ljv2owmi	561352731701280809		2025-01-03 02:56:30.284
cm5gamrev0001sjz41vte3k3w	686898398305189891		2025-01-03 05:07:18.701
\.


--
-- Data for Name: ScheduledMessage; Type: TABLE DATA; Schema: public; Owner: -
--

COPY "public"."ScheduledMessage" ("id", "guildId", "channelId", "message", "scheduleTime", "isActive", "createdAt", "updatedAt", "createdUserId") FROM stdin;
cm59ec31000009dpxb170cybk	870714724986273853	870726040891301999		00:00	t	2024-12-29 09:16:35.797	2024-12-29 09:16:35.797	686898398305189891
cm59ecw8400019dpx0whu3i1p	870714724986273853	870726040891301999		03:34	t	2024-12-29 09:17:13.636	2024-12-29 09:17:13.636	686898398305189891
cm59ed99c00029dpxbf3yblhd	870714724986273853	870726040891301999		08:00	t	2024-12-29 09:17:30.528	2024-12-29 09:17:30.528	686898398305189891
cm59edlyl00039dpx1tpthubw	870714724986273853	870726040891301999	# 	11:11	t	2024-12-29 09:17:46.989	2024-12-29 09:17:46.989	686898398305189891
cm59edxz500049dpx95zfd86j	870714724986273853	870726040891301999	 <555	17:55	t	2024-12-29 09:18:02.562	2024-12-29 09:18:02.562	686898398305189891
cm59eebg700059dpx11kg0p7b	870714724986273853	870726040891301999		19:19	t	2024-12-29 09:18:20.023	2024-12-29 09:18:20.023	686898398305189891
cm59eem4r00069dpx7obe79uc	870714724986273853	870726040891301999	()	19:19	t	2024-12-29 09:18:33.868	2024-12-29 09:18:33.868	686898398305189891
cm59eetg000079dpx8ixzbouw	870714724986273853	870726040891301999	20:00	20:00	t	2024-12-29 09:18:43.344	2024-12-29 09:18:43.344	686898398305189891
cm59efigf00089dpxgp8l1v1s	870714724986273853	870726040891301999		22:00	t	2024-12-29 09:19:15.759	2024-12-29 09:19:15.759	686898398305189891
cm59efrpi00099dpx16hj24db	870714724986273853	870726040891301999	22:22	22:22	t	2024-12-29 09:19:27.75	2024-12-29 09:19:27.75	686898398305189891
cm59egb8z000a9dpxgszdg62g	688649409172471849	688649409172471856		00:00	t	2024-12-29 09:19:53.075	2024-12-29 09:19:53.075	686898398305189891
\.


--
-- Data for Name: User; Type: TABLE DATA; Schema: public; Owner: -
--

COPY "public"."User" ("id", "name", "money", "lastDrawDate", "createdAt") FROM stdin;
430783676498968586		1000	1970-01-01 00:00:00	2024-12-29 09:03:14.395
524086073601556491	JTR	1000	1970-01-01 00:00:00	2024-12-29 09:03:14.396
706804728713183272		1000	1970-01-01 00:00:00	2024-12-29 09:03:14.396
972208170854416425	watawata.com	1000	1970-01-01 00:00:00	2024-12-29 09:03:15.489
627115500455067649		1000	1970-01-01 00:00:00	2024-12-29 09:03:15.49
858690538264854528		1000	1970-01-01 00:00:00	2024-12-29 09:03:15.49
580336204671614996		1000	1970-01-01 00:00:00	2024-12-29 09:03:15.491
709592022151069728		1000	1970-01-01 00:00:00	2024-12-29 09:03:16.599
441189936075636747		1000	1970-01-01 00:00:00	2024-12-29 09:03:16.601
550657434734297098	()	1000	1970-01-01 00:00:00	2024-12-29 09:03:16.602
878605995251728475		1000	1970-01-01 00:00:00	2024-12-29 09:03:16.602
746009609566945361		1000	1970-01-01 00:00:00	2024-12-29 09:03:16.602
627521141942124544		1000	2025-01-03 00:00:00	2024-12-29 09:03:17.695
561352731701280809		6019	2025-01-03 00:00:00	2024-12-29 09:03:17.698
752858321869996213		25500	2025-01-03 00:00:00	2024-12-29 09:03:17.698
641168376823152650		1000	1970-01-01 00:00:00	2024-12-29 09:03:17.698
496632082039046144	youuuu4183	1000	1970-01-01 00:00:00	2024-12-29 09:03:18.797
881904494680616960	hman	1000	1970-01-01 00:00:00	2024-12-29 09:03:18.798
488331604037468161	wata	1000	1970-01-01 00:00:00	2024-12-29 09:03:18.798
822077735500382269		1000	1970-01-01 00:00:00	2024-12-29 09:03:18.798
611583309952319508		45200	2025-01-03 00:00:00	2024-12-29 09:03:10.944
1014536694445383693		1000	1970-01-01 00:00:00	2024-12-29 09:03:19.904
864068024130994206		1000	1970-01-01 00:00:00	2024-12-29 09:03:19.904
685028574121820160		1000	1970-01-01 00:00:00	2024-12-29 09:03:19.905
745843258919223296		1000	1970-01-01 00:00:00	2024-12-29 09:03:10.946
662538268830597121	@	1000	1970-01-01 00:00:00	2024-12-29 09:03:19.905
757868250456653873	Melkor	1000	1970-01-01 00:00:00	2024-12-29 09:03:19.905
406642960793337856	9029	1000	1970-01-01 00:00:00	2024-12-29 09:03:20.997
397320296786296842		1000	1970-01-01 00:00:00	2024-12-29 09:03:20.998
754714767431696499		1000	1970-01-01 00:00:00	2024-12-29 09:03:20.998
1178732785419165803		1000	1970-01-01 00:00:00	2024-12-29 09:03:20.998
927440032476839966		1000	1970-01-01 00:00:00	2024-12-29 09:03:12.063
1052776474094088242	oka	1000	1970-01-01 00:00:00	2024-12-29 09:03:22.263
1304695446639218758		1000	1970-01-01 00:00:00	2024-12-29 09:03:12.064
864106562192932884		42000	1970-01-01 00:00:00	2024-12-29 09:03:10.947
824950254444871701		1000	1970-01-01 00:00:00	2024-12-29 09:03:13.303
1273248692652081244	DiSCoP-Project()	1000	1970-01-01 00:00:00	2024-12-29 09:03:22.264
877842735313346620	miyabittisub	1400	1970-01-01 00:00:00	2024-12-29 09:03:10.947
823837883227308033		1000	1970-01-01 00:00:00	2024-12-29 09:03:13.303
686898398305189891	miyabitti	22750	2025-01-03 00:00:00	2024-12-29 09:03:10.945
809337904782508054		1000	1970-01-01 00:00:00	2024-12-29 09:03:13.304
803618132702527519		1000	1970-01-01 00:00:00	2024-12-29 09:03:13.304
807945054626775051		1000	1970-01-01 00:00:00	2024-12-29 09:03:14.393
865354313072508958	()	22500	2025-01-03 00:00:00	2024-12-29 09:03:14.395
\.


--
-- Data for Name: UserGuild; Type: TABLE DATA; Schema: public; Owner: -
--

COPY "public"."UserGuild" ("userId", "guildId") FROM stdin;
686898398305189891	688649409172471849
611583309952319508	688649409172471849
864106562192932884	688649409172471849
877842735313346620	688649409172471849
1304695446639218758	688649409172471849
927440032476839966	688649409172471849
823837883227308033	870714724986273853
864106562192932884	870714724986273853
803618132702527519	870714724986273853
865354313072508958	870714724986273853
430783676498968586	870714724986273853
524086073601556491	870714724986273853
706804728713183272	870714724986273853
627115500455067649	870714724986273853
972208170854416425	870714724986273853
580336204671614996	870714724986273853
550657434734297098	870714724986273853
441189936075636747	870714724986273853
878605995251728475	870714724986273853
752858321869996213	870714724986273853
561352731701280809	870714724986273853
686898398305189891	870714724986273853
488331604037468161	870714724986273853
496632082039046144	870714724986273853
822077735500382269	870714724986273853
864068024130994206	870714724986273853
685028574121820160	870714724986273853
662538268830597121	870714724986273853
1178732785419165803	870714724986273853
397320296786296842	870714724986273853
1052776474094088242	891277303286476900
877842735313346620	891277303286476900
1273248692652081244	891277303286476900
877842735313346620	1274610120361508884
745843258919223296	688649409172471849
824950254444871701	870714724986273853
809337904782508054	870714724986273853
807945054626775051	870714724986273853
858690538264854528	870714724986273853
877842735313346620	870714724986273853
709592022151069728	870714724986273853
746009609566945361	870714724986273853
627521141942124544	870714724986273853
641168376823152650	870714724986273853
881904494680616960	870714724986273853
611583309952319508	870714724986273853
1014536694445383693	870714724986273853
757868250456653873	870714724986273853
406642960793337856	870714724986273853
754714767431696499	870714724986273853
686898398305189891	891277303286476900
\.


--
-- Data for Name: _prisma_migrations; Type: TABLE DATA; Schema: public; Owner: -
--

COPY "public"."_prisma_migrations" ("id", "checksum", "finished_at", "migration_name", "logs", "rolled_back_at", "started_at", "applied_steps_count") FROM stdin;
fc543f35-d8b0-42ec-baa6-8809f7ebd2b0	08817d952373bde7bf5a5b57ba8676163d0af7b6ac7ce3bcf3b07f7d515be16c	2024-12-29 08:59:31.521638+00	20241111093817_init	\N	\N	2024-12-29 08:59:31.342063+00	1
538d6172-7764-40d3-90f5-17f08eb852ae	29abc6843606602134f0a4684c2b395bde6d91b1c374f3c0d987ed768bd938f4	2024-12-29 08:59:31.691635+00	20241221162104_add_role_management_tables	\N	\N	2024-12-29 08:59:31.558987+00	1
58fae668-42a4-4dcb-9951-095aadad52f0	2dc49b4ee07814c39fb74a16c663513925113668dd036fd8fdcac14d247c69c9	2024-12-29 08:59:34.135824+00	20241229085933_add_janken_game_model	\N	\N	2024-12-29 08:59:34.008632+00	1
\.


--
-- Data for Name: schema_migrations; Type: TABLE DATA; Schema: realtime; Owner: -
--

COPY "realtime"."schema_migrations" ("version", "inserted_at") FROM stdin;
20211116024918	2024-11-11 09:23:37
20211116045059	2024-11-11 09:23:38
20211116050929	2024-11-11 09:23:39
20211116051442	2024-11-11 09:23:40
20211116212300	2024-11-11 09:23:41
20211116213355	2024-11-11 09:23:41
20211116213934	2024-11-11 09:23:42
20211116214523	2024-11-11 09:23:43
20211122062447	2024-11-11 09:23:44
20211124070109	2024-11-11 09:23:44
20211202204204	2024-11-11 09:23:45
20211202204605	2024-11-11 09:23:46
20211210212804	2024-11-11 09:23:48
20211228014915	2024-11-11 09:23:49
20220107221237	2024-11-11 09:23:49
20220228202821	2024-11-11 09:23:50
20220312004840	2024-11-11 09:23:51
20220603231003	2024-11-11 09:23:52
20220603232444	2024-11-11 09:23:53
20220615214548	2024-11-11 09:23:54
20220712093339	2024-11-11 09:23:54
20220908172859	2024-11-11 09:23:55
20220916233421	2024-11-11 09:23:56
20230119133233	2024-11-11 09:23:56
20230128025114	2024-11-11 09:23:57
20230128025212	2024-11-11 09:23:58
20230227211149	2024-11-11 09:23:59
20230228184745	2024-11-11 09:23:59
20230308225145	2024-11-11 09:24:00
20230328144023	2024-11-11 09:24:01
20231018144023	2024-11-11 09:24:02
20231204144023	2024-11-11 09:24:03
20231204144024	2024-11-11 09:24:03
20231204144025	2024-11-11 09:24:04
20240108234812	2024-11-11 09:24:05
20240109165339	2024-11-11 09:24:06
20240227174441	2024-11-11 09:24:07
20240311171622	2024-11-11 09:24:08
20240321100241	2024-11-11 09:24:09
20240401105812	2024-11-11 09:24:11
20240418121054	2024-11-11 09:24:12
20240523004032	2024-11-11 09:24:15
20240618124746	2024-11-11 09:24:16
20240801235015	2024-11-11 09:24:16
20240805133720	2024-11-11 09:24:17
20240827160934	2024-11-11 09:24:18
20240919163303	2024-11-11 09:24:19
20240919163305	2024-11-11 09:24:19
20241019105805	2024-11-11 09:24:20
20241030150047	2024-11-15 02:52:14
20241108114728	2024-11-15 02:52:15
20241121104152	2024-11-22 23:20:18
20241130184212	2024-12-04 15:08:41
\.


--
-- Data for Name: subscription; Type: TABLE DATA; Schema: realtime; Owner: -
--

COPY "realtime"."subscription" ("id", "subscription_id", "entity", "filters", "claims", "created_at") FROM stdin;
\.


--
-- Data for Name: buckets; Type: TABLE DATA; Schema: storage; Owner: -
--

COPY "storage"."buckets" ("id", "name", "owner", "created_at", "updated_at", "public", "avif_autodetection", "file_size_limit", "allowed_mime_types", "owner_id") FROM stdin;
\.


--
-- Data for Name: migrations; Type: TABLE DATA; Schema: storage; Owner: -
--

COPY "storage"."migrations" ("id", "name", "hash", "executed_at") FROM stdin;
0	create-migrations-table	e18db593bcde2aca2a408c4d1100f6abba2195df	2024-11-11 09:22:11.132936
1	initialmigration	6ab16121fbaa08bbd11b712d05f358f9b555d777	2024-11-11 09:22:11.208975
2	storage-schema	5c7968fd083fcea04050c1b7f6253c9771b99011	2024-11-11 09:22:11.281006
3	pathtoken-column	2cb1b0004b817b29d5b0a971af16bafeede4b70d	2024-11-11 09:22:11.380835
4	add-migrations-rls	427c5b63fe1c5937495d9c635c263ee7a5905058	2024-11-11 09:22:11.426497
5	add-size-functions	79e081a1455b63666c1294a440f8ad4b1e6a7f84	2024-11-11 09:22:11.452663
6	change-column-name-in-get-size	f93f62afdf6613ee5e7e815b30d02dc990201044	2024-11-11 09:22:11.5205
7	add-rls-to-buckets	e7e7f86adbc51049f341dfe8d30256c1abca17aa	2024-11-11 09:22:11.548586
8	add-public-to-buckets	fd670db39ed65f9d08b01db09d6202503ca2bab3	2024-11-11 09:22:11.615733
9	fix-search-function	3a0af29f42e35a4d101c259ed955b67e1bee6825	2024-11-11 09:22:11.641798
10	search-files-search-function	68dc14822daad0ffac3746a502234f486182ef6e	2024-11-11 09:22:11.667659
11	add-trigger-to-auto-update-updated_at-column	7425bdb14366d1739fa8a18c83100636d74dcaa2	2024-11-11 09:22:11.736404
12	add-automatic-avif-detection-flag	8e92e1266eb29518b6a4c5313ab8f29dd0d08df9	2024-11-11 09:22:11.811997
13	add-bucket-custom-limits	cce962054138135cd9a8c4bcd531598684b25e7d	2024-11-11 09:22:11.836794
14	use-bytes-for-max-size	941c41b346f9802b411f06f30e972ad4744dad27	2024-11-11 09:22:11.903717
15	add-can-insert-object-function	934146bc38ead475f4ef4b555c524ee5d66799e5	2024-11-11 09:22:11.994658
16	add-version	76debf38d3fd07dcfc747ca49096457d95b1221b	2024-11-11 09:22:12.064904
17	drop-owner-foreign-key	f1cbb288f1b7a4c1eb8c38504b80ae2a0153d101	2024-11-11 09:22:12.092158
18	add_owner_id_column_deprecate_owner	e7a511b379110b08e2f214be852c35414749fe66	2024-11-11 09:22:12.159627
19	alter-default-value-objects-id	02e5e22a78626187e00d173dc45f58fa66a4f043	2024-11-11 09:22:12.228006
20	list-objects-with-delimiter	cd694ae708e51ba82bf012bba00caf4f3b6393b7	2024-11-11 09:22:12.29593
21	s3-multipart-uploads	8c804d4a566c40cd1e4cc5b3725a664a9303657f	2024-11-11 09:22:12.367964
22	s3-multipart-uploads-big-ints	9737dc258d2397953c9953d9b86920b8be0cdb73	2024-11-11 09:22:12.46218
23	optimize-search-function	9d7e604cddc4b56a5422dc68c9313f4a1b6f132c	2024-11-11 09:22:12.554404
24	operation-function	8312e37c2bf9e76bbe841aa5fda889206d2bf8aa	2024-11-11 09:22:12.641626
25	custom-metadata	67eb93b7e8d401cafcdc97f9ac779e71a79bfe03	2024-11-11 09:22:12.713362
\.


--
-- Data for Name: objects; Type: TABLE DATA; Schema: storage; Owner: -
--

COPY "storage"."objects" ("id", "bucket_id", "name", "owner", "created_at", "updated_at", "last_accessed_at", "metadata", "version", "owner_id", "user_metadata") FROM stdin;
\.


--
-- Data for Name: s3_multipart_uploads; Type: TABLE DATA; Schema: storage; Owner: -
--

COPY "storage"."s3_multipart_uploads" ("id", "in_progress_size", "upload_signature", "bucket_id", "key", "version", "owner_id", "created_at", "user_metadata") FROM stdin;
\.


--
-- Data for Name: s3_multipart_uploads_parts; Type: TABLE DATA; Schema: storage; Owner: -
--

COPY "storage"."s3_multipart_uploads_parts" ("id", "upload_id", "size", "part_number", "bucket_id", "key", "etag", "owner_id", "version", "created_at") FROM stdin;
\.


--
-- Data for Name: secrets; Type: TABLE DATA; Schema: vault; Owner: -
--

COPY "vault"."secrets" ("id", "name", "description", "secret", "key_id", "nonce", "created_at", "updated_at") FROM stdin;
\.


--
-- Name: refresh_tokens_id_seq; Type: SEQUENCE SET; Schema: auth; Owner: -
--

SELECT pg_catalog.setval('"auth"."refresh_tokens_id_seq"', 1, false);


--
-- Name: key_key_id_seq; Type: SEQUENCE SET; Schema: pgsodium; Owner: -
--

SELECT pg_catalog.setval('"pgsodium"."key_key_id_seq"', 1, false);


--
-- Name: subscription_id_seq; Type: SEQUENCE SET; Schema: realtime; Owner: -
--

SELECT pg_catalog.setval('"realtime"."subscription_id_seq"', 1, false);


--
-- Name: mfa_amr_claims amr_id_pk; Type: CONSTRAINT; Schema: auth; Owner: -
--

ALTER TABLE ONLY "auth"."mfa_amr_claims"
    ADD CONSTRAINT "amr_id_pk" PRIMARY KEY ("id");


--
-- Name: audit_log_entries audit_log_entries_pkey; Type: CONSTRAINT; Schema: auth; Owner: -
--

ALTER TABLE ONLY "auth"."audit_log_entries"
    ADD CONSTRAINT "audit_log_entries_pkey" PRIMARY KEY ("id");


--
-- Name: flow_state flow_state_pkey; Type: CONSTRAINT; Schema: auth; Owner: -
--

ALTER TABLE ONLY "auth"."flow_state"
    ADD CONSTRAINT "flow_state_pkey" PRIMARY KEY ("id");


--
-- Name: identities identities_pkey; Type: CONSTRAINT; Schema: auth; Owner: -
--

ALTER TABLE ONLY "auth"."identities"
    ADD CONSTRAINT "identities_pkey" PRIMARY KEY ("id");


--
-- Name: identities identities_provider_id_provider_unique; Type: CONSTRAINT; Schema: auth; Owner: -
--

ALTER TABLE ONLY "auth"."identities"
    ADD CONSTRAINT "identities_provider_id_provider_unique" UNIQUE ("provider_id", "provider");


--
-- Name: instances instances_pkey; Type: CONSTRAINT; Schema: auth; Owner: -
--

ALTER TABLE ONLY "auth"."instances"
    ADD CONSTRAINT "instances_pkey" PRIMARY KEY ("id");


--
-- Name: mfa_amr_claims mfa_amr_claims_session_id_authentication_method_pkey; Type: CONSTRAINT; Schema: auth; Owner: -
--

ALTER TABLE ONLY "auth"."mfa_amr_claims"
    ADD CONSTRAINT "mfa_amr_claims_session_id_authentication_method_pkey" UNIQUE ("session_id", "authentication_method");


--
-- Name: mfa_challenges mfa_challenges_pkey; Type: CONSTRAINT; Schema: auth; Owner: -
--

ALTER TABLE ONLY "auth"."mfa_challenges"
    ADD CONSTRAINT "mfa_challenges_pkey" PRIMARY KEY ("id");


--
-- Name: mfa_factors mfa_factors_last_challenged_at_key; Type: CONSTRAINT; Schema: auth; Owner: -
--

ALTER TABLE ONLY "auth"."mfa_factors"
    ADD CONSTRAINT "mfa_factors_last_challenged_at_key" UNIQUE ("last_challenged_at");


--
-- Name: mfa_factors mfa_factors_pkey; Type: CONSTRAINT; Schema: auth; Owner: -
--

ALTER TABLE ONLY "auth"."mfa_factors"
    ADD CONSTRAINT "mfa_factors_pkey" PRIMARY KEY ("id");


--
-- Name: one_time_tokens one_time_tokens_pkey; Type: CONSTRAINT; Schema: auth; Owner: -
--

ALTER TABLE ONLY "auth"."one_time_tokens"
    ADD CONSTRAINT "one_time_tokens_pkey" PRIMARY KEY ("id");


--
-- Name: refresh_tokens refresh_tokens_pkey; Type: CONSTRAINT; Schema: auth; Owner: -
--

ALTER TABLE ONLY "auth"."refresh_tokens"
    ADD CONSTRAINT "refresh_tokens_pkey" PRIMARY KEY ("id");


--
-- Name: refresh_tokens refresh_tokens_token_unique; Type: CONSTRAINT; Schema: auth; Owner: -
--

ALTER TABLE ONLY "auth"."refresh_tokens"
    ADD CONSTRAINT "refresh_tokens_token_unique" UNIQUE ("token");


--
-- Name: saml_providers saml_providers_entity_id_key; Type: CONSTRAINT; Schema: auth; Owner: -
--

ALTER TABLE ONLY "auth"."saml_providers"
    ADD CONSTRAINT "saml_providers_entity_id_key" UNIQUE ("entity_id");


--
-- Name: saml_providers saml_providers_pkey; Type: CONSTRAINT; Schema: auth; Owner: -
--

ALTER TABLE ONLY "auth"."saml_providers"
    ADD CONSTRAINT "saml_providers_pkey" PRIMARY KEY ("id");


--
-- Name: saml_relay_states saml_relay_states_pkey; Type: CONSTRAINT; Schema: auth; Owner: -
--

ALTER TABLE ONLY "auth"."saml_relay_states"
    ADD CONSTRAINT "saml_relay_states_pkey" PRIMARY KEY ("id");


--
-- Name: schema_migrations schema_migrations_pkey; Type: CONSTRAINT; Schema: auth; Owner: -
--

ALTER TABLE ONLY "auth"."schema_migrations"
    ADD CONSTRAINT "schema_migrations_pkey" PRIMARY KEY ("version");


--
-- Name: sessions sessions_pkey; Type: CONSTRAINT; Schema: auth; Owner: -
--

ALTER TABLE ONLY "auth"."sessions"
    ADD CONSTRAINT "sessions_pkey" PRIMARY KEY ("id");


--
-- Name: sso_domains sso_domains_pkey; Type: CONSTRAINT; Schema: auth; Owner: -
--

ALTER TABLE ONLY "auth"."sso_domains"
    ADD CONSTRAINT "sso_domains_pkey" PRIMARY KEY ("id");


--
-- Name: sso_providers sso_providers_pkey; Type: CONSTRAINT; Schema: auth; Owner: -
--

ALTER TABLE ONLY "auth"."sso_providers"
    ADD CONSTRAINT "sso_providers_pkey" PRIMARY KEY ("id");


--
-- Name: users users_phone_key; Type: CONSTRAINT; Schema: auth; Owner: -
--

ALTER TABLE ONLY "auth"."users"
    ADD CONSTRAINT "users_phone_key" UNIQUE ("phone");


--
-- Name: users users_pkey; Type: CONSTRAINT; Schema: auth; Owner: -
--

ALTER TABLE ONLY "auth"."users"
    ADD CONSTRAINT "users_pkey" PRIMARY KEY ("id");


--
-- Name: CoinFlipGameLog CoinFlipGameLog_pkey; Type: CONSTRAINT; Schema: public; Owner: -
--

ALTER TABLE ONLY "public"."CoinFlipGameLog"
    ADD CONSTRAINT "CoinFlipGameLog_pkey" PRIMARY KEY ("id");


--
-- Name: Goods Goods_pkey; Type: CONSTRAINT; Schema: public; Owner: -
--

ALTER TABLE ONLY "public"."Goods"
    ADD CONSTRAINT "Goods_pkey" PRIMARY KEY ("id");


--
-- Name: Guild Guild_pkey; Type: CONSTRAINT; Schema: public; Owner: -
--

ALTER TABLE ONLY "public"."Guild"
    ADD CONSTRAINT "Guild_pkey" PRIMARY KEY ("id");


--
-- Name: JankenGame JankenGame_pkey; Type: CONSTRAINT; Schema: public; Owner: -
--

ALTER TABLE ONLY "public"."JankenGame"
    ADD CONSTRAINT "JankenGame_pkey" PRIMARY KEY ("id");


--
-- Name: OmikujiResult OmikujiResult_pkey; Type: CONSTRAINT; Schema: public; Owner: -
--

ALTER TABLE ONLY "public"."OmikujiResult"
    ADD CONSTRAINT "OmikujiResult_pkey" PRIMARY KEY ("id");


--
-- Name: ScheduledMessage ScheduledMessage_pkey; Type: CONSTRAINT; Schema: public; Owner: -
--

ALTER TABLE ONLY "public"."ScheduledMessage"
    ADD CONSTRAINT "ScheduledMessage_pkey" PRIMARY KEY ("id");


--
-- Name: UserGuild UserGuild_pkey; Type: CONSTRAINT; Schema: public; Owner: -
--

ALTER TABLE ONLY "public"."UserGuild"
    ADD CONSTRAINT "UserGuild_pkey" PRIMARY KEY ("userId", "guildId");


--
-- Name: User User_pkey; Type: CONSTRAINT; Schema: public; Owner: -
--

ALTER TABLE ONLY "public"."User"
    ADD CONSTRAINT "User_pkey" PRIMARY KEY ("id");


--
-- Name: _prisma_migrations _prisma_migrations_pkey; Type: CONSTRAINT; Schema: public; Owner: -
--

ALTER TABLE ONLY "public"."_prisma_migrations"
    ADD CONSTRAINT "_prisma_migrations_pkey" PRIMARY KEY ("id");


--
-- Name: messages messages_pkey; Type: CONSTRAINT; Schema: realtime; Owner: -
--

ALTER TABLE ONLY "realtime"."messages"
    ADD CONSTRAINT "messages_pkey" PRIMARY KEY ("id", "inserted_at");


--
-- Name: subscription pk_subscription; Type: CONSTRAINT; Schema: realtime; Owner: -
--

ALTER TABLE ONLY "realtime"."subscription"
    ADD CONSTRAINT "pk_subscription" PRIMARY KEY ("id");


--
-- Name: schema_migrations schema_migrations_pkey; Type: CONSTRAINT; Schema: realtime; Owner: -
--

ALTER TABLE ONLY "realtime"."schema_migrations"
    ADD CONSTRAINT "schema_migrations_pkey" PRIMARY KEY ("version");


--
-- Name: buckets buckets_pkey; Type: CONSTRAINT; Schema: storage; Owner: -
--

ALTER TABLE ONLY "storage"."buckets"
    ADD CONSTRAINT "buckets_pkey" PRIMARY KEY ("id");


--
-- Name: migrations migrations_name_key; Type: CONSTRAINT; Schema: storage; Owner: -
--

ALTER TABLE ONLY "storage"."migrations"
    ADD CONSTRAINT "migrations_name_key" UNIQUE ("name");


--
-- Name: migrations migrations_pkey; Type: CONSTRAINT; Schema: storage; Owner: -
--

ALTER TABLE ONLY "storage"."migrations"
    ADD CONSTRAINT "migrations_pkey" PRIMARY KEY ("id");


--
-- Name: objects objects_pkey; Type: CONSTRAINT; Schema: storage; Owner: -
--

ALTER TABLE ONLY "storage"."objects"
    ADD CONSTRAINT "objects_pkey" PRIMARY KEY ("id");


--
-- Name: s3_multipart_uploads_parts s3_multipart_uploads_parts_pkey; Type: CONSTRAINT; Schema: storage; Owner: -
--

ALTER TABLE ONLY "storage"."s3_multipart_uploads_parts"
    ADD CONSTRAINT "s3_multipart_uploads_parts_pkey" PRIMARY KEY ("id");


--
-- Name: s3_multipart_uploads s3_multipart_uploads_pkey; Type: CONSTRAINT; Schema: storage; Owner: -
--

ALTER TABLE ONLY "storage"."s3_multipart_uploads"
    ADD CONSTRAINT "s3_multipart_uploads_pkey" PRIMARY KEY ("id");


--
-- Name: audit_logs_instance_id_idx; Type: INDEX; Schema: auth; Owner: -
--

CREATE INDEX "audit_logs_instance_id_idx" ON "auth"."audit_log_entries" USING "btree" ("instance_id");


--
-- Name: confirmation_token_idx; Type: INDEX; Schema: auth; Owner: -
--

CREATE UNIQUE INDEX "confirmation_token_idx" ON "auth"."users" USING "btree" ("confirmation_token") WHERE (("confirmation_token")::"text" !~ '^[0-9 ]*$'::"text");


--
-- Name: email_change_token_current_idx; Type: INDEX; Schema: auth; Owner: -
--

CREATE UNIQUE INDEX "email_change_token_current_idx" ON "auth"."users" USING "btree" ("email_change_token_current") WHERE (("email_change_token_current")::"text" !~ '^[0-9 ]*$'::"text");


--
-- Name: email_change_token_new_idx; Type: INDEX; Schema: auth; Owner: -
--

CREATE UNIQUE INDEX "email_change_token_new_idx" ON "auth"."users" USING "btree" ("email_change_token_new") WHERE (("email_change_token_new")::"text" !~ '^[0-9 ]*$'::"text");


--
-- Name: factor_id_created_at_idx; Type: INDEX; Schema: auth; Owner: -
--

CREATE INDEX "factor_id_created_at_idx" ON "auth"."mfa_factors" USING "btree" ("user_id", "created_at");


--
-- Name: flow_state_created_at_idx; Type: INDEX; Schema: auth; Owner: -
--

CREATE INDEX "flow_state_created_at_idx" ON "auth"."flow_state" USING "btree" ("created_at" DESC);


--
-- Name: identities_email_idx; Type: INDEX; Schema: auth; Owner: -
--

CREATE INDEX "identities_email_idx" ON "auth"."identities" USING "btree" ("email" "text_pattern_ops");


--
-- Name: INDEX "identities_email_idx"; Type: COMMENT; Schema: auth; Owner: -
--

COMMENT ON INDEX "auth"."identities_email_idx" IS 'Auth: Ensures indexed queries on the email column';


--
-- Name: identities_user_id_idx; Type: INDEX; Schema: auth; Owner: -
--

CREATE INDEX "identities_user_id_idx" ON "auth"."identities" USING "btree" ("user_id");


--
-- Name: idx_auth_code; Type: INDEX; Schema: auth; Owner: -
--

CREATE INDEX "idx_auth_code" ON "auth"."flow_state" USING "btree" ("auth_code");


--
-- Name: idx_user_id_auth_method; Type: INDEX; Schema: auth; Owner: -
--

CREATE INDEX "idx_user_id_auth_method" ON "auth"."flow_state" USING "btree" ("user_id", "authentication_method");


--
-- Name: mfa_challenge_created_at_idx; Type: INDEX; Schema: auth; Owner: -
--

CREATE INDEX "mfa_challenge_created_at_idx" ON "auth"."mfa_challenges" USING "btree" ("created_at" DESC);


--
-- Name: mfa_factors_user_friendly_name_unique; Type: INDEX; Schema: auth; Owner: -
--

CREATE UNIQUE INDEX "mfa_factors_user_friendly_name_unique" ON "auth"."mfa_factors" USING "btree" ("friendly_name", "user_id") WHERE (TRIM(BOTH FROM "friendly_name") <> ''::"text");


--
-- Name: mfa_factors_user_id_idx; Type: INDEX; Schema: auth; Owner: -
--

CREATE INDEX "mfa_factors_user_id_idx" ON "auth"."mfa_factors" USING "btree" ("user_id");


--
-- Name: one_time_tokens_relates_to_hash_idx; Type: INDEX; Schema: auth; Owner: -
--

CREATE INDEX "one_time_tokens_relates_to_hash_idx" ON "auth"."one_time_tokens" USING "hash" ("relates_to");


--
-- Name: one_time_tokens_token_hash_hash_idx; Type: INDEX; Schema: auth; Owner: -
--

CREATE INDEX "one_time_tokens_token_hash_hash_idx" ON "auth"."one_time_tokens" USING "hash" ("token_hash");


--
-- Name: one_time_tokens_user_id_token_type_key; Type: INDEX; Schema: auth; Owner: -
--

CREATE UNIQUE INDEX "one_time_tokens_user_id_token_type_key" ON "auth"."one_time_tokens" USING "btree" ("user_id", "token_type");


--
-- Name: reauthentication_token_idx; Type: INDEX; Schema: auth; Owner: -
--

CREATE UNIQUE INDEX "reauthentication_token_idx" ON "auth"."users" USING "btree" ("reauthentication_token") WHERE (("reauthentication_token")::"text" !~ '^[0-9 ]*$'::"text");


--
-- Name: recovery_token_idx; Type: INDEX; Schema: auth; Owner: -
--

CREATE UNIQUE INDEX "recovery_token_idx" ON "auth"."users" USING "btree" ("recovery_token") WHERE (("recovery_token")::"text" !~ '^[0-9 ]*$'::"text");


--
-- Name: refresh_tokens_instance_id_idx; Type: INDEX; Schema: auth; Owner: -
--

CREATE INDEX "refresh_tokens_instance_id_idx" ON "auth"."refresh_tokens" USING "btree" ("instance_id");


--
-- Name: refresh_tokens_instance_id_user_id_idx; Type: INDEX; Schema: auth; Owner: -
--

CREATE INDEX "refresh_tokens_instance_id_user_id_idx" ON "auth"."refresh_tokens" USING "btree" ("instance_id", "user_id");


--
-- Name: refresh_tokens_parent_idx; Type: INDEX; Schema: auth; Owner: -
--

CREATE INDEX "refresh_tokens_parent_idx" ON "auth"."refresh_tokens" USING "btree" ("parent");


--
-- Name: refresh_tokens_session_id_revoked_idx; Type: INDEX; Schema: auth; Owner: -
--

CREATE INDEX "refresh_tokens_session_id_revoked_idx" ON "auth"."refresh_tokens" USING "btree" ("session_id", "revoked");


--
-- Name: refresh_tokens_updated_at_idx; Type: INDEX; Schema: auth; Owner: -
--

CREATE INDEX "refresh_tokens_updated_at_idx" ON "auth"."refresh_tokens" USING "btree" ("updated_at" DESC);


--
-- Name: saml_providers_sso_provider_id_idx; Type: INDEX; Schema: auth; Owner: -
--

CREATE INDEX "saml_providers_sso_provider_id_idx" ON "auth"."saml_providers" USING "btree" ("sso_provider_id");


--
-- Name: saml_relay_states_created_at_idx; Type: INDEX; Schema: auth; Owner: -
--

CREATE INDEX "saml_relay_states_created_at_idx" ON "auth"."saml_relay_states" USING "btree" ("created_at" DESC);


--
-- Name: saml_relay_states_for_email_idx; Type: INDEX; Schema: auth; Owner: -
--

CREATE INDEX "saml_relay_states_for_email_idx" ON "auth"."saml_relay_states" USING "btree" ("for_email");


--
-- Name: saml_relay_states_sso_provider_id_idx; Type: INDEX; Schema: auth; Owner: -
--

CREATE INDEX "saml_relay_states_sso_provider_id_idx" ON "auth"."saml_relay_states" USING "btree" ("sso_provider_id");


--
-- Name: sessions_not_after_idx; Type: INDEX; Schema: auth; Owner: -
--

CREATE INDEX "sessions_not_after_idx" ON "auth"."sessions" USING "btree" ("not_after" DESC);


--
-- Name: sessions_user_id_idx; Type: INDEX; Schema: auth; Owner: -
--

CREATE INDEX "sessions_user_id_idx" ON "auth"."sessions" USING "btree" ("user_id");


--
-- Name: sso_domains_domain_idx; Type: INDEX; Schema: auth; Owner: -
--

CREATE UNIQUE INDEX "sso_domains_domain_idx" ON "auth"."sso_domains" USING "btree" ("lower"("domain"));


--
-- Name: sso_domains_sso_provider_id_idx; Type: INDEX; Schema: auth; Owner: -
--

CREATE INDEX "sso_domains_sso_provider_id_idx" ON "auth"."sso_domains" USING "btree" ("sso_provider_id");


--
-- Name: sso_providers_resource_id_idx; Type: INDEX; Schema: auth; Owner: -
--

CREATE UNIQUE INDEX "sso_providers_resource_id_idx" ON "auth"."sso_providers" USING "btree" ("lower"("resource_id"));


--
-- Name: unique_phone_factor_per_user; Type: INDEX; Schema: auth; Owner: -
--

CREATE UNIQUE INDEX "unique_phone_factor_per_user" ON "auth"."mfa_factors" USING "btree" ("user_id", "phone");


--
-- Name: user_id_created_at_idx; Type: INDEX; Schema: auth; Owner: -
--

CREATE INDEX "user_id_created_at_idx" ON "auth"."sessions" USING "btree" ("user_id", "created_at");


--
-- Name: users_email_partial_key; Type: INDEX; Schema: auth; Owner: -
--

CREATE UNIQUE INDEX "users_email_partial_key" ON "auth"."users" USING "btree" ("email") WHERE ("is_sso_user" = false);


--
-- Name: INDEX "users_email_partial_key"; Type: COMMENT; Schema: auth; Owner: -
--

COMMENT ON INDEX "auth"."users_email_partial_key" IS 'Auth: A partial unique index that applies only when is_sso_user is false';


--
-- Name: users_instance_id_email_idx; Type: INDEX; Schema: auth; Owner: -
--

CREATE INDEX "users_instance_id_email_idx" ON "auth"."users" USING "btree" ("instance_id", "lower"(("email")::"text"));


--
-- Name: users_instance_id_idx; Type: INDEX; Schema: auth; Owner: -
--

CREATE INDEX "users_instance_id_idx" ON "auth"."users" USING "btree" ("instance_id");


--
-- Name: users_is_anonymous_idx; Type: INDEX; Schema: auth; Owner: -
--

CREATE INDEX "users_is_anonymous_idx" ON "auth"."users" USING "btree" ("is_anonymous");


--
-- Name: ix_realtime_subscription_entity; Type: INDEX; Schema: realtime; Owner: -
--

CREATE INDEX "ix_realtime_subscription_entity" ON "realtime"."subscription" USING "btree" ("entity");


--
-- Name: subscription_subscription_id_entity_filters_key; Type: INDEX; Schema: realtime; Owner: -
--

CREATE UNIQUE INDEX "subscription_subscription_id_entity_filters_key" ON "realtime"."subscription" USING "btree" ("subscription_id", "entity", "filters");


--
-- Name: bname; Type: INDEX; Schema: storage; Owner: -
--

CREATE UNIQUE INDEX "bname" ON "storage"."buckets" USING "btree" ("name");


--
-- Name: bucketid_objname; Type: INDEX; Schema: storage; Owner: -
--

CREATE UNIQUE INDEX "bucketid_objname" ON "storage"."objects" USING "btree" ("bucket_id", "name");


--
-- Name: idx_multipart_uploads_list; Type: INDEX; Schema: storage; Owner: -
--

CREATE INDEX "idx_multipart_uploads_list" ON "storage"."s3_multipart_uploads" USING "btree" ("bucket_id", "key", "created_at");


--
-- Name: idx_objects_bucket_id_name; Type: INDEX; Schema: storage; Owner: -
--

CREATE INDEX "idx_objects_bucket_id_name" ON "storage"."objects" USING "btree" ("bucket_id", "name" COLLATE "C");


--
-- Name: name_prefix_search; Type: INDEX; Schema: storage; Owner: -
--

CREATE INDEX "name_prefix_search" ON "storage"."objects" USING "btree" ("name" "text_pattern_ops");


--
-- Name: subscription tr_check_filters; Type: TRIGGER; Schema: realtime; Owner: -
--

CREATE TRIGGER "tr_check_filters" BEFORE INSERT OR UPDATE ON "realtime"."subscription" FOR EACH ROW EXECUTE FUNCTION "realtime"."subscription_check_filters"();


--
-- Name: objects update_objects_updated_at; Type: TRIGGER; Schema: storage; Owner: -
--

CREATE TRIGGER "update_objects_updated_at" BEFORE UPDATE ON "storage"."objects" FOR EACH ROW EXECUTE FUNCTION "storage"."update_updated_at_column"();


--
-- Name: identities identities_user_id_fkey; Type: FK CONSTRAINT; Schema: auth; Owner: -
--

ALTER TABLE ONLY "auth"."identities"
    ADD CONSTRAINT "identities_user_id_fkey" FOREIGN KEY ("user_id") REFERENCES "auth"."users"("id") ON DELETE CASCADE;


--
-- Name: mfa_amr_claims mfa_amr_claims_session_id_fkey; Type: FK CONSTRAINT; Schema: auth; Owner: -
--

ALTER TABLE ONLY "auth"."mfa_amr_claims"
    ADD CONSTRAINT "mfa_amr_claims_session_id_fkey" FOREIGN KEY ("session_id") REFERENCES "auth"."sessions"("id") ON DELETE CASCADE;


--
-- Name: mfa_challenges mfa_challenges_auth_factor_id_fkey; Type: FK CONSTRAINT; Schema: auth; Owner: -
--

ALTER TABLE ONLY "auth"."mfa_challenges"
    ADD CONSTRAINT "mfa_challenges_auth_factor_id_fkey" FOREIGN KEY ("factor_id") REFERENCES "auth"."mfa_factors"("id") ON DELETE CASCADE;


--
-- Name: mfa_factors mfa_factors_user_id_fkey; Type: FK CONSTRAINT; Schema: auth; Owner: -
--

ALTER TABLE ONLY "auth"."mfa_factors"
    ADD CONSTRAINT "mfa_factors_user_id_fkey" FOREIGN KEY ("user_id") REFERENCES "auth"."users"("id") ON DELETE CASCADE;


--
-- Name: one_time_tokens one_time_tokens_user_id_fkey; Type: FK CONSTRAINT; Schema: auth; Owner: -
--

ALTER TABLE ONLY "auth"."one_time_tokens"
    ADD CONSTRAINT "one_time_tokens_user_id_fkey" FOREIGN KEY ("user_id") REFERENCES "auth"."users"("id") ON DELETE CASCADE;


--
-- Name: refresh_tokens refresh_tokens_session_id_fkey; Type: FK CONSTRAINT; Schema: auth; Owner: -
--

ALTER TABLE ONLY "auth"."refresh_tokens"
    ADD CONSTRAINT "refresh_tokens_session_id_fkey" FOREIGN KEY ("session_id") REFERENCES "auth"."sessions"("id") ON DELETE CASCADE;


--
-- Name: saml_providers saml_providers_sso_provider_id_fkey; Type: FK CONSTRAINT; Schema: auth; Owner: -
--

ALTER TABLE ONLY "auth"."saml_providers"
    ADD CONSTRAINT "saml_providers_sso_provider_id_fkey" FOREIGN KEY ("sso_provider_id") REFERENCES "auth"."sso_providers"("id") ON DELETE CASCADE;


--
-- Name: saml_relay_states saml_relay_states_flow_state_id_fkey; Type: FK CONSTRAINT; Schema: auth; Owner: -
--

ALTER TABLE ONLY "auth"."saml_relay_states"
    ADD CONSTRAINT "saml_relay_states_flow_state_id_fkey" FOREIGN KEY ("flow_state_id") REFERENCES "auth"."flow_state"("id") ON DELETE CASCADE;


--
-- Name: saml_relay_states saml_relay_states_sso_provider_id_fkey; Type: FK CONSTRAINT; Schema: auth; Owner: -
--

ALTER TABLE ONLY "auth"."saml_relay_states"
    ADD CONSTRAINT "saml_relay_states_sso_provider_id_fkey" FOREIGN KEY ("sso_provider_id") REFERENCES "auth"."sso_providers"("id") ON DELETE CASCADE;


--
-- Name: sessions sessions_user_id_fkey; Type: FK CONSTRAINT; Schema: auth; Owner: -
--

ALTER TABLE ONLY "auth"."sessions"
    ADD CONSTRAINT "sessions_user_id_fkey" FOREIGN KEY ("user_id") REFERENCES "auth"."users"("id") ON DELETE CASCADE;


--
-- Name: sso_domains sso_domains_sso_provider_id_fkey; Type: FK CONSTRAINT; Schema: auth; Owner: -
--

ALTER TABLE ONLY "auth"."sso_domains"
    ADD CONSTRAINT "sso_domains_sso_provider_id_fkey" FOREIGN KEY ("sso_provider_id") REFERENCES "auth"."sso_providers"("id") ON DELETE CASCADE;


--
-- Name: CoinFlipGameLog CoinFlipGameLog_userId_fkey; Type: FK CONSTRAINT; Schema: public; Owner: -
--

ALTER TABLE ONLY "public"."CoinFlipGameLog"
    ADD CONSTRAINT "CoinFlipGameLog_userId_fkey" FOREIGN KEY ("userId") REFERENCES "public"."User"("id") ON UPDATE CASCADE ON DELETE RESTRICT;


--
-- Name: JankenGame JankenGame_challengerId_fkey; Type: FK CONSTRAINT; Schema: public; Owner: -
--

ALTER TABLE ONLY "public"."JankenGame"
    ADD CONSTRAINT "JankenGame_challengerId_fkey" FOREIGN KEY ("challengerId") REFERENCES "public"."User"("id") ON UPDATE CASCADE ON DELETE RESTRICT;


--
-- Name: JankenGame JankenGame_opponentId_fkey; Type: FK CONSTRAINT; Schema: public; Owner: -
--

ALTER TABLE ONLY "public"."JankenGame"
    ADD CONSTRAINT "JankenGame_opponentId_fkey" FOREIGN KEY ("opponentId") REFERENCES "public"."User"("id") ON UPDATE CASCADE ON DELETE RESTRICT;


--
-- Name: OmikujiResult OmikujiResult_userId_fkey; Type: FK CONSTRAINT; Schema: public; Owner: -
--

ALTER TABLE ONLY "public"."OmikujiResult"
    ADD CONSTRAINT "OmikujiResult_userId_fkey" FOREIGN KEY ("userId") REFERENCES "public"."User"("id") ON UPDATE CASCADE ON DELETE RESTRICT;


--
-- Name: ScheduledMessage ScheduledMessage_createdUserId_fkey; Type: FK CONSTRAINT; Schema: public; Owner: -
--

ALTER TABLE ONLY "public"."ScheduledMessage"
    ADD CONSTRAINT "ScheduledMessage_createdUserId_fkey" FOREIGN KEY ("createdUserId") REFERENCES "public"."User"("id") ON UPDATE CASCADE ON DELETE RESTRICT;


--
-- Name: ScheduledMessage ScheduledMessage_guildId_fkey; Type: FK CONSTRAINT; Schema: public; Owner: -
--

ALTER TABLE ONLY "public"."ScheduledMessage"
    ADD CONSTRAINT "ScheduledMessage_guildId_fkey" FOREIGN KEY ("guildId") REFERENCES "public"."Guild"("id") ON UPDATE CASCADE ON DELETE RESTRICT;


--
-- Name: UserGuild UserGuild_guildId_fkey; Type: FK CONSTRAINT; Schema: public; Owner: -
--

ALTER TABLE ONLY "public"."UserGuild"
    ADD CONSTRAINT "UserGuild_guildId_fkey" FOREIGN KEY ("guildId") REFERENCES "public"."Guild"("id") ON UPDATE CASCADE ON DELETE RESTRICT;


--
-- Name: UserGuild UserGuild_userId_fkey; Type: FK CONSTRAINT; Schema: public; Owner: -
--

ALTER TABLE ONLY "public"."UserGuild"
    ADD CONSTRAINT "UserGuild_userId_fkey" FOREIGN KEY ("userId") REFERENCES "public"."User"("id") ON UPDATE CASCADE ON DELETE RESTRICT;


--
-- Name: objects objects_bucketId_fkey; Type: FK CONSTRAINT; Schema: storage; Owner: -
--

ALTER TABLE ONLY "storage"."objects"
    ADD CONSTRAINT "objects_bucketId_fkey" FOREIGN KEY ("bucket_id") REFERENCES "storage"."buckets"("id");


--
-- Name: s3_multipart_uploads s3_multipart_uploads_bucket_id_fkey; Type: FK CONSTRAINT; Schema: storage; Owner: -
--

ALTER TABLE ONLY "storage"."s3_multipart_uploads"
    ADD CONSTRAINT "s3_multipart_uploads_bucket_id_fkey" FOREIGN KEY ("bucket_id") REFERENCES "storage"."buckets"("id");


--
-- Name: s3_multipart_uploads_parts s3_multipart_uploads_parts_bucket_id_fkey; Type: FK CONSTRAINT; Schema: storage; Owner: -
--

ALTER TABLE ONLY "storage"."s3_multipart_uploads_parts"
    ADD CONSTRAINT "s3_multipart_uploads_parts_bucket_id_fkey" FOREIGN KEY ("bucket_id") REFERENCES "storage"."buckets"("id");


--
-- Name: s3_multipart_uploads_parts s3_multipart_uploads_parts_upload_id_fkey; Type: FK CONSTRAINT; Schema: storage; Owner: -
--

ALTER TABLE ONLY "storage"."s3_multipart_uploads_parts"
    ADD CONSTRAINT "s3_multipart_uploads_parts_upload_id_fkey" FOREIGN KEY ("upload_id") REFERENCES "storage"."s3_multipart_uploads"("id") ON DELETE CASCADE;


--
-- Name: audit_log_entries; Type: ROW SECURITY; Schema: auth; Owner: -
--

ALTER TABLE "auth"."audit_log_entries" ENABLE ROW LEVEL SECURITY;

--
-- Name: flow_state; Type: ROW SECURITY; Schema: auth; Owner: -
--

ALTER TABLE "auth"."flow_state" ENABLE ROW LEVEL SECURITY;

--
-- Name: identities; Type: ROW SECURITY; Schema: auth; Owner: -
--

ALTER TABLE "auth"."identities" ENABLE ROW LEVEL SECURITY;

--
-- Name: instances; Type: ROW SECURITY; Schema: auth; Owner: -
--

ALTER TABLE "auth"."instances" ENABLE ROW LEVEL SECURITY;

--
-- Name: mfa_amr_claims; Type: ROW SECURITY; Schema: auth; Owner: -
--

ALTER TABLE "auth"."mfa_amr_claims" ENABLE ROW LEVEL SECURITY;

--
-- Name: mfa_challenges; Type: ROW SECURITY; Schema: auth; Owner: -
--

ALTER TABLE "auth"."mfa_challenges" ENABLE ROW LEVEL SECURITY;

--
-- Name: mfa_factors; Type: ROW SECURITY; Schema: auth; Owner: -
--

ALTER TABLE "auth"."mfa_factors" ENABLE ROW LEVEL SECURITY;

--
-- Name: one_time_tokens; Type: ROW SECURITY; Schema: auth; Owner: -
--

ALTER TABLE "auth"."one_time_tokens" ENABLE ROW LEVEL SECURITY;

--
-- Name: refresh_tokens; Type: ROW SECURITY; Schema: auth; Owner: -
--

ALTER TABLE "auth"."refresh_tokens" ENABLE ROW LEVEL SECURITY;

--
-- Name: saml_providers; Type: ROW SECURITY; Schema: auth; Owner: -
--

ALTER TABLE "auth"."saml_providers" ENABLE ROW LEVEL SECURITY;

--
-- Name: saml_relay_states; Type: ROW SECURITY; Schema: auth; Owner: -
--

ALTER TABLE "auth"."saml_relay_states" ENABLE ROW LEVEL SECURITY;

--
-- Name: schema_migrations; Type: ROW SECURITY; Schema: auth; Owner: -
--

ALTER TABLE "auth"."schema_migrations" ENABLE ROW LEVEL SECURITY;

--
-- Name: sessions; Type: ROW SECURITY; Schema: auth; Owner: -
--

ALTER TABLE "auth"."sessions" ENABLE ROW LEVEL SECURITY;

--
-- Name: sso_domains; Type: ROW SECURITY; Schema: auth; Owner: -
--

ALTER TABLE "auth"."sso_domains" ENABLE ROW LEVEL SECURITY;

--
-- Name: sso_providers; Type: ROW SECURITY; Schema: auth; Owner: -
--

ALTER TABLE "auth"."sso_providers" ENABLE ROW LEVEL SECURITY;

--
-- Name: users; Type: ROW SECURITY; Schema: auth; Owner: -
--

ALTER TABLE "auth"."users" ENABLE ROW LEVEL SECURITY;

--
-- Name: messages; Type: ROW SECURITY; Schema: realtime; Owner: -
--

ALTER TABLE "realtime"."messages" ENABLE ROW LEVEL SECURITY;

--
-- Name: buckets; Type: ROW SECURITY; Schema: storage; Owner: -
--

ALTER TABLE "storage"."buckets" ENABLE ROW LEVEL SECURITY;

--
-- Name: migrations; Type: ROW SECURITY; Schema: storage; Owner: -
--

ALTER TABLE "storage"."migrations" ENABLE ROW LEVEL SECURITY;

--
-- Name: objects; Type: ROW SECURITY; Schema: storage; Owner: -
--

ALTER TABLE "storage"."objects" ENABLE ROW LEVEL SECURITY;

--
-- Name: s3_multipart_uploads; Type: ROW SECURITY; Schema: storage; Owner: -
--

ALTER TABLE "storage"."s3_multipart_uploads" ENABLE ROW LEVEL SECURITY;

--
-- Name: s3_multipart_uploads_parts; Type: ROW SECURITY; Schema: storage; Owner: -
--

ALTER TABLE "storage"."s3_multipart_uploads_parts" ENABLE ROW LEVEL SECURITY;

--
-- Name: supabase_realtime; Type: PUBLICATION; Schema: -; Owner: -
--

CREATE PUBLICATION "supabase_realtime" WITH (publish = 'insert, update, delete, truncate');


--
-- Name: issue_graphql_placeholder; Type: EVENT TRIGGER; Schema: -; Owner: -
--

CREATE EVENT TRIGGER "issue_graphql_placeholder" ON "sql_drop"
         WHEN TAG IN ('DROP EXTENSION')
   EXECUTE FUNCTION "extensions"."set_graphql_placeholder"();


--
-- Name: issue_pg_cron_access; Type: EVENT TRIGGER; Schema: -; Owner: -
--

CREATE EVENT TRIGGER "issue_pg_cron_access" ON "ddl_command_end"
         WHEN TAG IN ('CREATE EXTENSION')
   EXECUTE FUNCTION "extensions"."grant_pg_cron_access"();


--
-- Name: issue_pg_graphql_access; Type: EVENT TRIGGER; Schema: -; Owner: -
--

CREATE EVENT TRIGGER "issue_pg_graphql_access" ON "ddl_command_end"
         WHEN TAG IN ('CREATE FUNCTION')
   EXECUTE FUNCTION "extensions"."grant_pg_graphql_access"();


--
-- Name: issue_pg_net_access; Type: EVENT TRIGGER; Schema: -; Owner: -
--

CREATE EVENT TRIGGER "issue_pg_net_access" ON "ddl_command_end"
         WHEN TAG IN ('CREATE EXTENSION')
   EXECUTE FUNCTION "extensions"."grant_pg_net_access"();


--
-- Name: pgrst_ddl_watch; Type: EVENT TRIGGER; Schema: -; Owner: -
--

CREATE EVENT TRIGGER "pgrst_ddl_watch" ON "ddl_command_end"
   EXECUTE FUNCTION "extensions"."pgrst_ddl_watch"();


--
-- Name: pgrst_drop_watch; Type: EVENT TRIGGER; Schema: -; Owner: -
--

CREATE EVENT TRIGGER "pgrst_drop_watch" ON "sql_drop"
   EXECUTE FUNCTION "extensions"."pgrst_drop_watch"();


--
-- PostgreSQL database dump complete
--

